1.140044861240037344e+00,1.560525249499696843e-01
1.015127167146910647e+00,1.195714053323068543e-01
9.141480312505575467e-01,9.157767522065030086e-02
8.371074535509789305e-01,7.207133461500002392e-02
7.840054340481747985e-01,6.105238351535602348e-02
7.548419727421447067e-01,5.852082192171829955e-02
7.496170696328889882e-01,6.447664983408685213e-02
7.580306257279515458e-01,7.226261715271584118e-02
7.693359285387534330e-01,7.493281463547750432e-02
7.835317742553318254e-01,7.248646422538423950e-02
7.980662438936032554e-01,6.748171042657392926e-02
8.102203105894114632e-01,6.264421329037468678e-02
8.199932959616469397e-01,5.797465285283733005e-02
8.273852000103092408e-01,5.347302911396185215e-02
8.323960227353988106e-01,4.913934207374830859e-02
8.350257641369152051e-01,4.497359173219662998e-02
8.352744242148585352e-01,4.097577808930685794e-02
8.331420029692293561e-01,3.714590114507898555e-02
8.286285004000268906e-01,3.348396089951299892e-02
8.230633646492796496e-01,3.002855910361705571e-02
8.179537851630684919e-01,2.682345839083313116e-02
8.133012228288238887e-01,2.386870117937302943e-02
8.091056776465461731e-01,2.116428746923674012e-02
8.053671496162352339e-01,1.871021726042426669e-02
8.020856387378908492e-01,1.650649055293559528e-02
7.992611450115132410e-01,1.455310734677075016e-02
7.968936684371022983e-01,1.285006764192970531e-02
7.949832090146581320e-01,1.139737143841248850e-02
7.935297667441807423e-01,1.019501873621908063e-02
7.925333416256697960e-01,9.243009535349479971e-03
7.919939336591257373e-01,8.541343835803696938e-03
7.919115428445482330e-01,8.090021637581726321e-03
7.922861691819377272e-01,7.889042940683571592e-03
7.931178126712936649e-01,7.938407745109231015e-03
7.944064733126164901e-01,8.238116050858702855e-03
7.961521511059058698e-01,8.788167857931987112e-03
7.983548460511621370e-01,9.588563166329087256e-03
8.007748146587523319e-01,1.050434836168344724e-02
8.031054279410710928e-01,1.136291942371348354e-02
8.053455586144446787e-01,1.216364179501613907e-02
8.074952066788728677e-01,1.290651547559140515e-02
8.095543721343558818e-01,1.359154046543929045e-02
8.115230549808938321e-01,1.421871676455979325e-02
8.134012552184867184e-01,1.478804437295291006e-02
8.151889728471342078e-01,1.529952329061863743e-02
8.168862078668365223e-01,1.575315351755699270e-02
8.184929602775937729e-01,1.614893505376795504e-02
8.200092300794056266e-01,1.648686789925152968e-02
8.214350172722724164e-01,1.676695205400773048e-02
8.227703218561938092e-01,1.698918751803653315e-02
8.240151438311702492e-01,1.715357429133795852e-02
8.251694831972012922e-01,1.726011237391200659e-02
8.262333399542872714e-01,1.730880176575866694e-02
8.272067141024280756e-01,1.729964246687793611e-02
8.280896056416235940e-01,1.723263447726982797e-02
8.288820145718739374e-01,1.710777779693432865e-02
8.295839408931792169e-01,1.692507242587145549e-02
8.301953846055389885e-01,1.668451836408118075e-02
8.307163457089538072e-01,1.638611561156353910e-02
8.311468242034233400e-01,1.602986416831850280e-02
8.314868200889475869e-01,1.561576403434608747e-02
8.317363333655267699e-01,1.514381520964628615e-02
8.318953640331607780e-01,1.461401769421909712e-02
8.319639120918496111e-01,1.402637148806452558e-02
8.319419775415931584e-01,1.338087659118257673e-02
8.318295603823915307e-01,1.267753300357323670e-02
8.316266606142446172e-01,1.191634072523651416e-02
8.313332782371525287e-01,1.109729975617239871e-02
8.309494132511153763e-01,1.022041009638090248e-02
8.304750656561329381e-01,9.285671745862034143e-03
8.299102354522053249e-01,8.293084704615774627e-03
8.292549226393325368e-01,7.242648972642132602e-03
8.285091272175144628e-01,6.134364549941089852e-03
8.277240488690131848e-01,4.998045581385617171e-03
8.269821516686158835e-01,3.881711815613119940e-03
8.262845455947559481e-01,2.786009605419968380e-03
8.256312306474332674e-01,1.710938950806162708e-03
8.250222068266472863e-01,6.564998517717076949e-04
8.244574741323987821e-01,-3.773076916834135729e-04
8.239370325646873106e-01,-1.390483679559177677e-03
8.234608821235129827e-01,-2.383028111855593073e-03
8.230290228088757987e-01,-3.354940988572664099e-03
8.226414546207756473e-01,-4.306222309710383382e-03
8.222981775592128617e-01,-5.236872075268768703e-03
8.219991916241867758e-01,-6.146890285247792740e-03
8.217444968156981666e-01,-7.036276939647472840e-03
8.215340931337465902e-01,-7.905032038467806402e-03
8.213679805783322685e-01,-8.753155581708792557e-03
8.212461591494548685e-01,-9.580647569370428704e-03
8.211686288471145012e-01,-1.038750800145272872e-02
8.211353896713114997e-01,-1.117373687795567352e-02
8.211464416220455309e-01,-1.193933419887927005e-02
8.212017846993167058e-01,-1.268429996422352005e-02
8.213014189031251355e-01,-1.340863417398842350e-02
8.214453442334705979e-01,-1.411233682817398735e-02
8.216335606903532041e-01,-1.479540792678019426e-02
8.218660682737728429e-01,-1.545784746980705462e-02
8.221428669837296255e-01,-1.609965545725456845e-02
8.224639568202236628e-01,-1.672083188912273227e-02
8.228293377832548439e-01,-1.732137676541155649e-02
8.232390098728230576e-01,-1.790129008612102723e-02
8.236929730889284151e-01,-1.846057185125115491e-02
8.241912274315708054e-01,-1.899922206080194298e-02
8.247337729007504503e-01,-1.951724071477337411e-02
8.253206094964671280e-01,-2.001462781316545175e-02
8.259517372187210604e-01,-2.049138335597819327e-02
8.266271560675120256e-01,-2.094750734321158131e-02
8.273468660428400234e-01,-2.138299977486562281e-02
8.281108671447052760e-01,-2.179786065094031777e-02
8.288699802102675873e-01,-2.222226745423714137e-02
8.295253314180380810e-01,-2.271689147062523617e-02
8.300741254434682581e-01,-2.328344797652716000e-02
8.305163622865578965e-01,-2.392193697194291285e-02
8.308520419473067742e-01,-2.463235845687251208e-02
8.310811644257153352e-01,-2.541471243131593338e-02
8.312037297217833576e-01,-2.626899889527317677e-02
8.312197378355108413e-01,-2.719521784874424572e-02
8.311291887668978973e-01,-2.819336929172916104e-02
8.309320825159441926e-01,-2.926345322422789497e-02
8.306284190826502822e-01,-3.040546964624045792e-02
8.302181984670155002e-01,-3.161941855776684296e-02
8.297014206690404015e-01,-3.290529995880707437e-02
8.290780856887248751e-01,-3.426311384936113480e-02
8.283481935260686990e-01,-3.569286022942904507e-02
8.275117441810719843e-01,-3.719453909901075661e-02
8.265687376537347308e-01,-3.876815045810630411e-02
8.255191739440571608e-01,-4.041369430671568064e-02
8.243630530520389410e-01,-4.213117064483888619e-02
8.231003749776800715e-01,-4.392057947247592076e-02
8.217311397209808854e-01,-4.578192078962678435e-02
8.202553472819409386e-01,-4.771519459629147697e-02
8.186729976605608972e-01,-4.972040089247000555e-02
8.169840908568399840e-01,-5.179753967816234927e-02
8.151886268707785321e-01,-5.394661095336853590e-02
8.132866057023766526e-01,-5.616761471808859318e-02
8.112780273516343454e-01,-5.846055097232244480e-02
8.091628918185514996e-01,-6.082541971607012543e-02
8.069411991031281151e-01,-6.326222094933163509e-02
8.046129492053641918e-01,-6.577095467210695989e-02
8.021781421252596189e-01,-6.835162088439611372e-02
7.996367778628146183e-01,-7.100421958619911045e-02
7.969888564180290791e-01,-7.372875077751593620e-02
7.947325949264341105e-01,-7.725904775687615633e-02
7.940913960674154115e-01,-8.339708311738852631e-02
7.951214109456872237e-01,-9.222556286703548212e-02
7.978226395612493249e-01,-1.037444870058167046e-01
8.021950819141013822e-01,-1.179538555337322769e-01
8.082387380042440617e-01,-1.348536684507822825e-01
8.159536078316766972e-01,-1.544439257569666379e-01
8.253396913963996218e-01,-1.767246274522853711e-01
8.363969886984127244e-01,-2.016957735367384819e-01
8.467069920819629836e-01,-2.292835332724094954e-01
8.499983845297418572e-01,-2.592964596890993123e-01
8.459490247907831550e-01,-2.917247186536741088e-01
8.345589128650872102e-01,-3.265683101661340237e-01
8.158280487526530234e-01,-3.638272342264795567e-01
7.897564324534817048e-01,-4.035014908347093199e-01
7.563440639675731436e-01,-4.455910799908240905e-01
7.155909432949270066e-01,-4.900960016948238129e-01
6.674970704355432938e-01,-5.370162559467084318e-01
6.172508602815746093e-01,-5.829490810764125230e-01
5.790609297572688607e-01,-6.185759206347183348e-01
5.537389439011682901e-01,-6.433644535294441580e-01
5.412849027132728974e-01,-6.573146797605899927e-01
5.416988061935824605e-01,-6.604265993281559499e-01
5.549806543420970906e-01,-6.527002122321421407e-01
5.708634568491806061e-01,-6.411216715743364158e-01
5.601861092937102660e-01,-6.455335927619026970e-01
5.211661480802634028e-01,-6.671488495972347499e-01
4.619899547333648493e-01,-7.007777562360067991e-01
4.063379770858284168e-01,-7.314082973528790443e-01
3.557061939536270700e-01,-7.580921101014087560e-01
3.100946053367607536e-01,-7.808291944815954899e-01
2.695032112352295783e-01,-7.996195504934398013e-01
2.339320116490334611e-01,-8.144631781369411350e-01
2.033810065781723464e-01,-8.253600774120998240e-01
1.778501960226463174e-01,-8.323102483189159795e-01
1.573395799824549857e-01,-8.353136908573894903e-01
1.407438001564021712e-01,-8.353066938768681782e-01
1.246846457158839183e-01,-8.351507558852506730e-01
1.089272685013258773e-01,-8.350448039751021678e-01
9.347166851272804833e-02,-8.349888381464222187e-01
7.831784575009040350e-02,-8.349828583992109365e-01
6.346580021341297062e-02,-8.350268647334685435e-01
4.891553190269573581e-02,-8.351208571491947064e-01
3.466704081793868519e-02,-8.352648356463895363e-01
2.072032695914183612e-02,-8.354588002250531442e-01
7.075390326304907551e-03,-8.357027508851854192e-01
-6.267769080571531509e-03,-8.359966876267865832e-01
-1.930915126148778291e-02,-8.363406104498561922e-01
-3.204875621644383277e-02,-8.367345193543946902e-01
-4.448658394543968109e-02,-8.371784143404018552e-01
-5.662263444847534521e-02,-8.376722954078776873e-01
-6.845690772555103332e-02,-8.382161625568221863e-01
-7.998940377666603763e-02,-8.388100157872353524e-01
-9.122012260182134347e-02,-8.394538550991175185e-01
-1.022815393303193321e-01,-8.399937257886728181e-01
-1.136260577748028355e-01,-8.399038710943316222e-01
-1.252912825725530088e-01,-8.391405891467350608e-01
-1.372772137235707957e-01,-8.377038799458831342e-01
-1.495838512278551968e-01,-8.355937434917759532e-01
-1.622111950854072948e-01,-8.328101797844135179e-01
-1.751592452962259794e-01,-8.293531888237957173e-01
-1.884280018603123885e-01,-8.252227706099223292e-01
-2.020174647776658838e-01,-8.204189251427935758e-01
-2.159276340482859380e-01,-8.149416524224099012e-01
-2.301585096721737722e-01,-8.087909524487705282e-01
-2.447100916493281653e-01,-8.019668252218763449e-01
-2.595823799797501996e-01,-7.944692707417260191e-01
-2.747753746634387650e-01,-7.862982890083209941e-01
-2.902890757003951938e-01,-7.774538800216602707e-01
-3.061234830906180426e-01,-7.679360437817446261e-01
-3.222785968341087548e-01,-7.577447802885731720e-01
-3.387544169308658870e-01,-7.468800895421470187e-01
-3.554227451282968575e-01,-7.354814544596163239e-01
-3.717934917777914183e-01,-7.240821048820335060e-01
-3.878186301707189920e-01,-7.127342950740658267e-01
-4.034981603070806333e-01,-7.014380250357125091e-01
-4.188320821868753985e-01,-6.901932947669746632e-01
-4.338203958101043978e-01,-6.790001042678511789e-01
-4.484631011767662989e-01,-6.678584535383430554e-01
-4.627601982868623787e-01,-6.567683425784490714e-01
-4.767116871403913603e-01,-6.457297713881704482e-01
-4.903175677373545760e-01,-6.347427399675062976e-01
-5.035778400777508601e-01,-6.238072483164573967e-01
-5.164925041615812118e-01,-6.129232964350229684e-01
-5.290615599888452980e-01,-6.020908843232033458e-01
-5.412850075595422306e-01,-5.913100119809989730e-01
-5.531628468736734527e-01,-5.805806794084090727e-01
-5.646950779312376323e-01,-5.699028866054343112e-01
-5.758817007322358794e-01,-5.592766335720740223e-01
-5.867227152766673060e-01,-5.487019203083290941e-01
-5.972181215645326890e-01,-5.381787468141984165e-01
-6.073679195958313626e-01,-5.277071130896830997e-01
-6.171721093705638816e-01,-5.172870191347821445e-01
-6.266306908887300242e-01,-5.069184649494961059e-01
-6.357436641503293462e-01,-4.966014505338253171e-01
-6.445110291553628468e-01,-4.863359758877690009e-01
-6.529327859038291937e-01,-4.761220410113278234e-01
-6.610089343957297192e-01,-4.659596459045011185e-01
-6.687394746310634241e-01,-4.558487905672897189e-01
-6.761244066098310856e-01,-4.457894749996927364e-01
-6.831637303320319266e-01,-4.357816992017109481e-01
-6.898574457976666130e-01,-4.258254631733434659e-01
-6.962055530067348119e-01,-4.159207669145914554e-01
-7.022080519592367454e-01,-4.060676104254538066e-01
-7.078649426551721913e-01,-3.962659937059309634e-01
-7.131762250945411497e-01,-3.865159167560234810e-01
-7.181418992773438426e-01,-3.768173795757304712e-01
-7.227619652035797149e-01,-3.671703821650524890e-01
-7.270658152425275578e-01,-3.576143535205920654e-01
-7.311953920369824722e-01,-3.483397055117620766e-01
-7.351694163739236343e-01,-3.393715515222155976e-01
-7.389878882533503779e-01,-3.307098915519531834e-01
-7.426508076752630361e-01,-3.223547256009742235e-01
-7.461581746396612758e-01,-3.143060536692794393e-01
-7.495099891465452080e-01,-3.065638757568679984e-01
-7.527062511959151658e-01,-2.991281918637404003e-01
-7.557469607877707052e-01,-2.919990019898968669e-01
-7.586321179221120481e-01,-2.851763061353368434e-01
-7.613617225989391946e-01,-2.786601043000608846e-01
-7.639357748182522556e-01,-2.724503964840684356e-01
-7.663542745800507872e-01,-2.665471826873600514e-01
-7.686172218843352333e-01,-2.609504629099351769e-01
-7.707246167311053719e-01,-2.556602371517943673e-01
-7.726764591203612031e-01,-2.506765054129370118e-01
-7.744727490521030600e-01,-2.459992676933637212e-01
-7.761134865263307203e-01,-2.416285239930740514e-01
-7.775986715430439622e-01,-2.375642743120681133e-01
-7.789283041022430076e-01,-2.338065186503461845e-01
-7.801023842039278566e-01,-2.303552570079078210e-01
-7.811209118480983982e-01,-2.272104893847534113e-01
-7.819838870347546322e-01,-2.243722157808826223e-01
-7.826913097638968919e-01,-2.218404361962957871e-01
-7.832431800355246221e-01,-2.196151506309925727e-01
-7.836394978496383779e-01,-2.176963590849732844e-01
-7.838802632062378262e-01,-2.160840615582376723e-01
-7.839654761053229670e-01,-2.147782580507859307e-01
-7.838951365468940224e-01,-2.137789485626179209e-01
-7.836692445309505484e-01,-2.130861330937336429e-01
-7.832878000574929889e-01,-2.126998116441331799e-01
-7.827508031265213440e-01,-2.126199842138165874e-01
-7.820582537380353916e-01,-2.128466508027836712e-01
-7.814326608064571245e-01,-2.132582357278108576e-01
-7.822234589587008236e-01,-2.131174272404723624e-01
-7.846579679736811475e-01,-2.123000210701051216e-01
-7.887361878513983182e-01,-2.108060172167092461e-01
-7.944581185918521138e-01,-2.086354156802845139e-01
-8.018237601950426452e-01,-2.057882164608310360e-01
-8.108331126609694683e-01,-2.022644195583489513e-01
-8.214861759896334714e-01,-1.980640249728379820e-01
-8.337829501810335442e-01,-1.931870327042984614e-01
-8.471772321908290770e-01,-1.873073064156695333e-01
-8.581336048076874112e-01,-1.783138582037739894e-01
-8.660175958780029770e-01,-1.658278464889317294e-01
-8.708292054017752193e-01,-1.498492712711438635e-01
-8.725684333790045821e-01,-1.303781325504090594e-01
-8.712352798096906215e-01,-1.074144303267288714e-01
-8.668297446938335593e-01,-8.095816460010146765e-02
-8.593518280314332847e-01,-5.100933537052770167e-02
-8.488015298224902416e-01,-1.756794263800903755e-02
-8.356810754065586710e-01,1.861632016067097523e-02
-8.234653014604991217e-01,5.235641436900744655e-02
-8.128177373006733042e-01,8.266186114331669499e-02
-8.037383829270823288e-01,1.095326604835960976e-01
-7.962272383397255293e-01,1.329688123898479513e-01
-7.902843035386031278e-01,1.529703168620702991e-01
-7.859095785237149023e-01,1.695371739002647926e-01
-7.831030632950615189e-01,1.826693835044300718e-01
-7.818647578526419784e-01,1.923669456745672190e-01
-7.818766061298307868e-01,1.992527824276946191e-01
-7.807823517815682957e-01,2.079416900500417054e-01
-7.781037838085861358e-01,2.193702586321073511e-01
-7.738409022108847513e-01,2.335384881738906127e-01
-7.679937069884634759e-01,2.504463786753927113e-01
-7.605621981413229760e-01,2.700939301366122036e-01
-7.515463756694625852e-01,2.924811425575507551e-01
-7.409462395728829698e-01,3.176080159382064227e-01
-7.287617898515834636e-01,3.454745502785814271e-01
-7.152115948712078897e-01,3.756185960473699126e-01
-7.020326418521476430e-01,4.043673992876022916e-01
-6.895992386981321109e-01,4.309295086757401472e-01
-6.779113854091619595e-01,4.553049242117825912e-01
-6.669690819852358565e-01,4.774936458957317331e-01
-6.567723284263552452e-01,4.974956737275854635e-01
-6.473211247325185713e-01,5.153110077073456141e-01
-6.386154709037272781e-01,5.309396478350107973e-01
-6.306553669399802553e-01,5.443815941105820677e-01
-6.234408128412785022e-01,5.556368465340585372e-01
-6.169718086076210195e-01,5.647054051054409829e-01
-6.112483542390085844e-01,5.715872698247288497e-01
-6.062704497354406419e-01,5.762824406919224707e-01
-6.020380950969174139e-01,5.787909177070216238e-01
-5.985512903234392335e-01,5.791127008700264200e-01
-5.958100354150056566e-01,5.772477901809368594e-01
-5.938143303716167942e-01,5.731961856397529420e-01
-5.925641751932726464e-01,5.669578872464743347e-01
-5.920268482355298678e-01,5.587695345695339322e-01
-5.919011998430648847e-01,5.508090109543829493e-01
-5.921142592944733662e-01,5.436040331559398586e-01
-5.926660265897555346e-01,5.371546011742042159e-01
-5.935565017289111678e-01,5.314607150091763543e-01
-5.947856847119404877e-01,5.265223746608560518e-01
-5.963535755388432724e-01,5.223395801292434193e-01
-5.982601742096196329e-01,5.189123314143385679e-01
-6.005054807242696802e-01,5.162406285161414976e-01
-6.030894950827930812e-01,5.143244714346519864e-01
-6.060122172851901690e-01,5.131638601698701452e-01
-6.092736473314608325e-01,5.127587947217959741e-01
-6.128737852216050719e-01,5.131092750904295841e-01
-6.168126309556226650e-01,5.142153012757706421e-01
-6.210901845335139448e-01,5.160768732778194812e-01
-6.257064459552788005e-01,5.186939910965759903e-01
-6.306614152209173429e-01,5.220666547320403916e-01
-6.359550923304294612e-01,5.261948641842122409e-01
-6.415937816924459636e-01,5.307965491184722939e-01
-6.476453513715676458e-01,5.328351729122087210e-01
-6.541282392139978752e-01,5.314857938852615149e-01
-6.610424452197375400e-01,5.267484120376304535e-01
-6.683879693887859741e-01,5.186230273693160919e-01
-6.761648117211436215e-01,5.071096398803176530e-01
-6.843729722168101492e-01,4.922082495706358585e-01
-6.930124508757860013e-01,4.739188564402697645e-01
-7.020832476980709558e-01,4.522414604892198708e-01
-7.114886038229807363e-01,4.275777656891561196e-01
-7.200969781297438255e-01,4.046254768198722651e-01
-7.275831533366173831e-01,3.847347655639243302e-01
-7.339471294436017423e-01,3.679056319213105941e-01
-7.391889064506964591e-01,3.541380758920325000e-01
-7.433084843579020884e-01,3.434320974760888268e-01
-7.463058631652184083e-01,3.357876966734805735e-01
-7.481810428726453077e-01,3.312048734842070186e-01
-7.489340234801827867e-01,3.296836279082686061e-01
-7.487321000014347527e-01,3.307963567087743861e-01
-7.497077885924258167e-01,3.290923845105629408e-01
-7.525091940979965477e-01,3.229151662467577566e-01
-7.571363165181470567e-01,3.122647019173584448e-01
-7.635891558528770107e-01,2.971409915223657272e-01
-7.718677121021870757e-01,2.775440350617786045e-01
-7.819719852660764747e-01,2.534738325355984090e-01
-7.939019753445462069e-01,2.249303839438234198e-01
-8.076576823375950509e-01,1.919136892864558575e-01
-8.229726166078555893e-01,1.547119294758011743e-01
-8.361300619879227236e-01,1.173443476857746887e-01
-8.459360708774862347e-01,8.110207445376774182e-02
-8.523906432765454566e-01,4.598510977978343545e-02
-8.554937791851005002e-01,1.199345366381730088e-02
-8.552454786031511436e-01,-2.087289389412480892e-02
-8.516457415306978307e-01,-5.261393289404590889e-02
-8.446945679677402286e-01,-8.322966333594593313e-02
-8.343919579142777820e-01,-1.127200852198274178e-01
-8.210047590603243295e-01,-1.409383772316606942e-01
-8.086222541507369632e-01,-1.656345897241822129e-01
-7.986324782612974627e-01,-1.860450168780584390e-01
-7.910354313920046065e-01,-2.021696586932904272e-01
-7.858311135428601713e-01,-2.140085151698755128e-01
-7.830195247138632686e-01,-2.215615863078152226e-01
-7.826006649050141206e-01,-2.248288721071096952e-01
-7.845745341163125053e-01,-2.238103725677583478e-01
-7.889411323477585336e-01,-2.185060876897615967e-01
-7.953569988225502874e-01,-2.094384293853789325e-01
-7.980114509268434464e-01,-2.054455824514206663e-01
-7.948209915135695525e-01,-2.096965950072154361e-01
-7.857856205827290497e-01,-2.221914670527624924e-01
-7.709053381343219380e-01,-2.429301985880619186e-01
-7.501801441683463301e-01,-2.719127896131164901e-01
-7.236100386848055566e-01,-3.091392401279212110e-01
-6.911950216836983962e-01,-3.546095501324783572e-01
-6.529350931650209633e-01,-4.083237196267927027e-01
-6.091440709712386825e-01,-4.696705917138284114e-01
-5.657147568107387947e-01,-5.271739979938638854e-01
-5.248787442298937789e-01,-5.764879338658196462e-01
-4.866360332287006374e-01,-6.176123993296989134e-01
-4.509866238071658096e-01,-6.505473943854946928e-01
-4.179305159652860757e-01,-6.752929190332108700e-01
-3.880718129699758379e-01,-6.921458770371740066e-01
-3.736115892579285891e-01,-7.071028340964730097e-01
-3.793414077675591467e-01,-7.225187403518151807e-01
-4.040279536621391165e-01,-7.382971640168267680e-01
-4.218096211661576667e-01,-7.524160092168862279e-01
-4.223440161995766218e-01,-7.640666133892526357e-01
-4.056311387623982578e-01,-7.732489765339272125e-01
-3.716709888546226859e-01,-7.799630986509097363e-01
-3.204635664762446878e-01,-7.842089797402008733e-01
-2.528404941130719674e-01,-7.860689015068639263e-01
-1.876433660900945488e-01,-7.874070734133262750e-01
-1.326857394206250318e-01,-7.889965779635513821e-01
-8.796761410465991915e-02,-7.908374151575389144e-01
-5.348899014220689224e-02,-7.929295849952893160e-01
-2.924986753326171141e-02,-7.952730874768019209e-01
-1.525024627782358561e-02,-7.978679226020773951e-01
-1.149012637589491570e-02,-8.007140903711152946e-01
-1.796950782747407105e-02,-8.038115907839156193e-01
-3.432097390480459698e-02,-8.071463592414593879e-01
-5.113496035182508309e-02,-8.103582005261333876e-01
-6.429099487715207728e-02,-8.132893842294646181e-01
-7.378907748078711304e-02,-8.159399103514528573e-01
-7.962920816273019731e-02,-8.183097788920984383e-01
-8.181138692298141335e-02,-8.203989898514015833e-01
-8.033561376154033096e-02,-8.222075432293617370e-01
-7.520188867840731095e-02,-8.237354390259790105e-01
-6.641021167358146515e-02,-8.249826772412538478e-01
-5.400167097861728605e-02,-8.259464321409374366e-01
-3.917627407616461332e-02,-8.265441763902177108e-01
-2.248894321349160022e-02,-8.267377466819846310e-01
-3.939678390596574459e-03,-8.265271430162387523e-01
1.647152039251728248e-02,-8.259123653929790754e-01
3.874465313585147286e-02,-8.248934138122067106e-01
6.287971983940601750e-02,-8.234702882739211027e-01
8.887672050318318195e-02,-8.216429887781218078e-01
1.167356551271785808e-01,-8.194115153248098249e-01
1.462535307390958328e-01,-8.167871930093696387e-01
1.705993150227782529e-01,-8.141511290774614551e-01
1.864367465635264065e-01,-8.116894554839215736e-01
1.937658253613428749e-01,-8.094021722287498832e-01
1.925865514162276582e-01,-8.072892793119464949e-01
1.828989247281794794e-01,-8.053507767335109646e-01
1.647029452972000318e-01,-8.035866644934439584e-01
1.379986131232888158e-01,-8.019969425917445882e-01
1.027859282064425700e-01,-8.005816110284138531e-01
5.924974790143260756e-02,-7.993330315236396588e-01
1.464572338279986757e-02,-7.979514015948189209e-01
-2.728278391545549755e-02,-7.962820460757681351e-01
-6.653577399333671094e-02,-7.943249649664869683e-01
-1.031132468508371702e-01,-7.920801582669758645e-01
-1.370152024879602026e-01,-7.895476259772347127e-01
-1.682416409047059469e-01,-7.867273680972632910e-01
-1.967925621010765680e-01,-7.836193846270615992e-01
-2.226679660770673752e-01,-7.802236755666299706e-01
-2.458678528326807555e-01,-7.765402409159680719e-01
-2.663922223679183743e-01,-7.725690806750757922e-01
-2.842410746827768731e-01,-7.683101948439535755e-01
-2.994144097772579172e-01,-7.637635834226013110e-01
-3.119122276513616177e-01,-7.589292464110189984e-01
-3.217345283050886962e-01,-7.538071838092057497e-01
-3.288813117384374873e-01,-7.483973956171631192e-01
-3.333525779514089349e-01,-7.426998818348902187e-01
-3.351483269440029833e-01,-7.367146424623871592e-01
-3.343016706307734287e-01,-7.304581334460596986e-01
-3.326655669546109140e-01,-7.248512371031047286e-01
-3.313077484561258723e-01,-7.204245947359401159e-01
-3.302282151353185258e-01,-7.171782063445663047e-01
-3.294269669921888744e-01,-7.151120719289835170e-01
-3.289040040267368625e-01,-7.142261914891914198e-01
-3.286593262389624348e-01,-7.145205650251899021e-01
-3.286929336288657022e-01,-7.159951925369794079e-01
-3.290048261964465537e-01,-7.186500740245596042e-01
-3.295950039417051003e-01,-7.224852094879304909e-01
-3.304634668646412310e-01,-7.275005989270919571e-01
-3.316102149652552233e-01,-7.336962423420450019e-01
-3.330352482435466888e-01,-7.410721397327881821e-01
-3.347385666995157383e-01,-7.496282910993221638e-01
-3.367201703331625939e-01,-7.593646964416475020e-01
-3.388374783906685783e-01,-7.702626468075066679e-01
-3.296320115013675611e-01,-7.808186002549895033e-01
-3.018545221138413948e-01,-7.900813356500987483e-01
-2.555050102280852498e-01,-7.980508529928350692e-01
-1.905834758441071197e-01,-8.047271522831969115e-01
-1.070899189619037850e-01,-8.101102335211853855e-01
-5.342374301199963836e-03,-8.141798060228842004e-01
8.441268607454698036e-02,-8.150061383277179550e-01
1.423027797690749330e-01,-8.113213617599833727e-01
1.685127573747187135e-01,-8.031532405790932083e-01
1.822897246909266911e-01,-7.933926588856761164e-01
1.965219271411370316e-01,-7.839754102565901217e-01
2.112093647253507622e-01,-7.749014946918338920e-01
2.263520374435679106e-01,-7.661709121914075382e-01
2.419499452957900032e-01,-7.577836627553106164e-01
2.580030882820141258e-01,-7.497397463835443476e-01
2.745114664022417217e-01,-7.420391630761079549e-01
2.914750796564727908e-01,-7.346819128330015491e-01
3.088897337263107890e-01,-7.276677735715668671e-01
3.261640297176345848e-01,-7.209654316370881499e-01
3.428785357906452558e-01,-7.145526787638074584e-01
3.590332519453444116e-01,-7.084295149517245704e-01
3.746281781817291656e-01,-7.025959402008404853e-01
3.896633144998008502e-01,-6.970519545111546478e-01
4.041386608995596874e-01,-6.917975578826672800e-01
4.180542173810065654e-01,-6.868327503153774938e-01
4.314099839441393192e-01,-6.821575318092865103e-01
4.442059605889589480e-01,-6.777719023643935525e-01
4.564421473154657294e-01,-6.736758619806990644e-01
4.681185441236604405e-01,-6.698694106582023799e-01
4.792351510135411941e-01,-6.663525483969044982e-01
4.897919679851090446e-01,-6.631252751968047532e-01
4.997889950383646029e-01,-6.601875910579029227e-01
5.092262321733063146e-01,-6.575394959801996730e-01
5.181036793899349568e-01,-6.551809899636946710e-01
5.264213366882506406e-01,-6.531120730083878057e-01
5.341811362974431265e-01,-6.513282180138897370e-01
5.420033237871832998e-01,-6.483762257551793917e-01
5.503825498298589025e-01,-6.430971585325520046e-01
5.593188144254697125e-01,-6.354910163460066874e-01
5.688121175740167290e-01,-6.255577991955431072e-01
5.788624592754981757e-01,-6.132975070811629292e-01
5.894698395299150517e-01,-5.987101400028652654e-01
6.006342583372682453e-01,-5.817956979606484502e-01
6.123557156975557580e-01,-5.625541809545157035e-01
6.246342116107785891e-01,-5.409855889844654708e-01
6.374697460769367385e-01,-5.170899220504976412e-01
6.508623190960314275e-01,-4.908671801526103273e-01
6.648119306680602136e-01,-4.623173632908074149e-01
6.793185807930243181e-01,-4.314404714650871830e-01
6.943822694709238519e-01,-3.982365046754494098e-01
7.100029967017599253e-01,-3.627054629218910975e-01
7.261807624855300958e-01,-3.248473462044182414e-01
7.429155668222354736e-01,-2.846621545230279549e-01
7.602062038198730276e-01,-2.421531403805484428e-01
7.762781310396824619e-01,-2.021065568443867477e-01
7.895335898108302164e-01,-1.688318400667736807e-01
7.999725801333158470e-01,-1.423289900477091863e-01
8.075951020071401310e-01,-1.225980067871918489e-01
8.124011554323015138e-01,-1.096388902852250546e-01
8.143907404088012170e-01,-1.034516405418068608e-01
8.135638569366386852e-01,-1.040362575569372533e-01
8.099205050158140295e-01,-1.113927413306171343e-01
8.034609574437056034e-01,-1.255202944892896411e-01
7.966205446137479829e-01,-1.393005639585052358e-01
7.917333890921097739e-01,-1.459110222529503287e-01
7.887994908787916426e-01,-1.453516693726238096e-01
7.878188499737930339e-01,-1.376225053175265112e-01
7.887914663771140589e-01,-1.227235300876583640e-01
7.917173400887550505e-01,-1.006547436830173003e-01
7.954794683282808698e-01,-7.567034202493137796e-02
7.989608483152574880e-01,-5.202452103472331862e-02
8.021614800496847941e-01,-2.971728071239314664e-02
8.050813635315627881e-01,-8.748621057939122078e-03
8.077204987608912479e-01,1.088145792863517980e-02
8.100788857376702845e-01,2.917295624733158219e-02
8.121565244619000090e-01,4.612587389815150929e-02
8.139534149335805324e-01,6.174021088109205718e-02
8.154695571527112996e-01,7.601596719615469344e-02
8.167049511192929767e-01,8.895314284333948052e-02
8.176595968333251196e-01,1.005517378226472858e-01
8.183334942948079505e-01,1.108117521340761941e-01
8.187266435037411361e-01,1.197331857776271907e-01
8.188390444601252316e-01,1.273160387533009141e-01
8.186706971639599040e-01,1.335603110610960598e-01
8.182216016152452642e-01,1.384660027010133077e-01
8.174917578139810903e-01,1.420331136730527133e-01
8.164811657601676043e-01,1.442616439772143044e-01
8.154259755835936430e-01,1.452838315063294250e-01
8.145939096361560772e-01,1.452495937713917940e-01
8.139852274155706668e-01,1.441590760843315111e-01
8.135999289218375230e-01,1.420122784451483822e-01
8.134380141549569787e-01,1.388092008538427680e-01
8.134994831149285899e-01,1.345498433104145297e-01
8.137843358017524675e-01,1.292342058148630568e-01
8.142925722154287227e-01,1.228622883671894594e-01
8.150241923559572443e-01,1.154340909673931825e-01
8.159791962233380325e-01,1.069496136154742816e-01
8.171575838175713091e-01,9.740885631143184065e-02
8.185593551386566302e-01,8.681181905526759446e-02
8.201845101865944399e-01,7.515850184698066871e-02
8.220330489613842939e-01,6.244890468657111893e-02
8.241049714630268586e-01,4.868302757403770303e-02
8.264002776915213566e-01,3.386087050938278026e-02
8.289189676468684542e-01,1.798243349260521262e-02
8.316610413290677073e-01,1.047716523703522140e-03
8.342354505818495580e-01,-1.633324047691248060e-02
8.361420496016893633e-01,-3.338020392092033717e-02
8.373789996641951561e-01,-5.009030537571472486e-02
8.379463007693672694e-01,-6.646354484129701756e-02
8.378439529172054812e-01,-8.249992231766442585e-02
8.370719561077095694e-01,-9.819943780481835138e-02
8.356303103408803112e-01,-1.135620913027588080e-01
8.335190156167167075e-01,-1.285878828114870587e-01
8.307380719352193132e-01,-1.432768123310005082e-01
8.269735450971718027e-01,-1.587389251749520280e-01
8.217996013586454929e-01,-1.764799341743169270e-01
8.152138531048891412e-01,-1.965082817370008561e-01
8.072163003359029698e-01,-2.188239678630053142e-01
7.978069430516862015e-01,-2.434269925523302458e-01
7.869857812522383922e-01,-2.703173558049780656e-01
7.747528149375612072e-01,-2.994950576209441939e-01
7.611080441076538694e-01,-3.309600980002307957e-01
7.460514687625161567e-01,-3.647124769428379265e-01
7.306479417199311932e-01,-3.982250853595092344e-01
7.164280607435828951e-01,-4.278655080882568518e-01
7.034039056735651441e-01,-4.536050772482350668e-01
6.915754765098769408e-01,-4.754437928394454338e-01
6.809427732525203947e-01,-4.933816548618842890e-01
6.715057959014942845e-01,-5.074186633155537418e-01
6.632645444567988324e-01,-5.175548182004536812e-01
6.562190189184334832e-01,-5.237901195165847179e-01
6.503692192863992361e-01,-5.261245672639455195e-01
6.448517363397332502e-01,-5.266016767649046582e-01
6.383524371804680797e-01,-5.283317352939372880e-01
6.308575040024466674e-01,-5.313474468086994973e-01
6.223669368056701234e-01,-5.356488113091908421e-01
6.128807355901381149e-01,-5.412358287954113223e-01
6.023989003558495314e-01,-5.481084992673618261e-01
5.909214311028063715e-01,-5.562668227250411324e-01
5.784483278310078580e-01,-5.657107991684499071e-01
5.649795905404535468e-01,-5.764404285975878173e-01
5.512101216161108264e-01,-5.877004498895039841e-01
5.382591561725871276e-01,-5.982744119457545917e-01
5.261417592772059670e-01,-6.081459411577437857e-01
5.148579309299672335e-01,-6.173150375254714550e-01
5.044076711308700389e-01,-6.257817010489381548e-01
4.947909798799160486e-01,-6.335459317281425529e-01
4.860078571771045408e-01,-6.406077295630853152e-01
4.780583030224347940e-01,-6.469670945537669970e-01
4.709423174159081404e-01,-6.526240267001863771e-01
4.646599003575238584e-01,-6.575785260023442325e-01
4.592110518472820591e-01,-6.618305924602405632e-01
4.545957718851822982e-01,-6.653802260738757024e-01
4.508140604712253530e-01,-6.682274268432488729e-01
4.478659176054107238e-01,-6.703721947683601856e-01
4.457513432877385773e-01,-6.718145298492099737e-01
4.444703375182087468e-01,-6.725544320857983482e-01
4.440229002968214544e-01,-6.725919014781249761e-01
4.444090316235765892e-01,-6.719269380261899682e-01
4.450931796814852071e-01,-6.709635321547989806e-01
4.451108992758409100e-01,-6.704292075349612690e-01
4.444426359973250307e-01,-6.703387149225823460e-01
4.430883898459377357e-01,-6.706920543176623228e-01
4.410481608216788585e-01,-6.714892257202015324e-01
4.383219489245486211e-01,-6.727302291301996418e-01
4.349097541545469681e-01,-6.744150645476566508e-01
4.308115765116738993e-01,-6.765437319725727816e-01
4.260274159959288598e-01,-6.791162314049479232e-01
4.205572726073127376e-01,-6.821325628447818534e-01
4.144011463458252553e-01,-6.855927262920749055e-01
4.075590372114656912e-01,-6.894967217468273013e-01
4.000309452042352665e-01,-6.938445492090382638e-01
3.918168703241332596e-01,-6.986362086787081260e-01
3.829168125711600035e-01,-7.038717001558372210e-01
3.733307719453143325e-01,-7.095510236404256599e-01
3.630587484465980230e-01,-7.156741791324724433e-01
3.521007420750102423e-01,-7.222411666319783485e-01
3.405382809870350913e-01,-7.290617637832241815e-01
3.285352760734825961e-01,-7.357535319647239280e-01
3.160963613631607716e-01,-7.423056590115271192e-01
3.032215368560685631e-01,-7.487181449236337549e-01
2.899108025522048604e-01,-7.549909897010452786e-01
2.761641584515718839e-01,-7.611241933437598028e-01
2.619816045541685789e-01,-7.671177558517782158e-01
2.473631408599949177e-01,-7.729716772251008505e-01
2.323087673690495403e-01,-7.786859574637274850e-01
2.168184840813351111e-01,-7.842605965676576751e-01
2.008922909968502701e-01,-7.896955945368915319e-01
1.845301881155951840e-01,-7.949909513714296105e-01
1.677321754375681317e-01,-8.001466670712717999e-01
1.504982529627722498e-01,-8.051627416364173229e-01
1.328284206912059562e-01,-8.100391750668670676e-01
1.147226786228677520e-01,-8.147759673626208121e-01
9.618102675776066257e-02,-8.193731185236778902e-01
7.720346509588327244e-02,-8.238306285500391901e-01
5.714823694307959168e-02,-8.275968521095454777e-01
3.457618955866925692e-02,-8.294347130658853429e-01
9.433479479707639753e-03,-8.292979283100965215e-01
-1.827989329380708475e-02,-8.271864978421790138e-01
-4.856392876187488883e-02,-8.231004216621329306e-01
-8.141862692449869376e-02,-8.170396997699577168e-01
-1.168439877816729033e-01,-8.090043321656541497e-01
-1.548400113334002237e-01,-7.989943188492221182e-01
-1.954066975796841521e-01,-7.870096598206601790e-01
-2.385440465205178884e-01,-7.730503550799708856e-01
-2.842520581559046522e-01,-7.571164046271525727e-01
-3.325307324858445823e-01,-7.392078084622059064e-01
-3.833800695103420364e-01,-7.193245665851288884e-01
-4.368000692293883547e-01,-6.974666789959247382e-01
-4.927907316429877560e-01,-6.736341456945921236e-01
-5.489956369658581803e-01,-6.470061522836835222e-01
-5.996284521446434423e-01,-6.155671387563210750e-01
-6.444235990514936008e-01,-5.792245959796548105e-01
-6.833810776864133185e-01,-5.379785239536825081e-01
-7.165008880494049270e-01,-4.918289226784000046e-01
-7.437830301404628752e-01,-4.407757921538149604e-01
-7.652275039595902717e-01,-3.848191323799237673e-01
-7.808343095067870054e-01,-3.239589433567263699e-01
-7.906034467820537426e-01,-2.581952250842169949e-01
-7.959312932498895377e-01,-1.914069280306344989e-01
-8.004387288090536456e-01,-1.336523739146682210e-01
-8.043117486463569055e-01,-8.544823257330998179e-02
-8.075503527617988730e-01,-4.679450400656814946e-02
-8.101545411553797704e-01,-1.769118821443807499e-02
-8.121243138270997086e-01,1.861714803080179170e-03
-8.134596707769585766e-01,1.186420504598707445e-02
-8.141606120049563744e-01,1.231628251428089696e-02
-8.142271375110934351e-01,3.217947207962937317e-03
-8.138177388464222783e-01,-1.153462524774320069e-02
-8.133664494838730441e-01,-2.127165071276461428e-02
-8.128980635182839753e-01,-2.538361942260541210e-02
-8.124125809496547390e-01,-2.387053137726661070e-02
-8.119100017779854461e-01,-1.673238657674739477e-02
-8.113903260032756526e-01,-3.969185021048975137e-03
-8.108535536255262466e-01,1.441907328982900555e-02
-8.102996846447364510e-01,3.843238835588658198e-02
-8.097287190609063767e-01,6.807076017712648808e-02
-8.091510233344156866e-01,1.009222006637681274e-01
-8.085965841478404137e-01,1.300096396704523150e-01
-8.080672958674616213e-01,1.548923106538809824e-01
-8.075631584932790874e-01,1.755702136140556702e-01
-8.070841720252930340e-01,1.920433485509729921e-01
-8.066303364635033502e-01,2.043117154646347244e-01
-8.062016518079103689e-01,2.123753143550415612e-01
-8.057981180585135350e-01,2.162341452221919480e-01
-8.054197352153134037e-01,2.158882080660868841e-01
-8.050774365863738735e-01,2.123875585371449715e-01
-8.048046366940770913e-01,2.089413907627721001e-01
-8.046036584659976842e-01,2.057728031144966663e-01
-8.044745019021346533e-01,2.028817955923181982e-01
-8.044171670024887755e-01,2.002683681962367512e-01
-8.044316537670599399e-01,1.979325209262522145e-01
-8.045179621958477023e-01,1.958742537823648655e-01
-8.046760922888523959e-01,1.940935667645745377e-01
-8.049060440460739096e-01,1.925904598728811201e-01
-8.052078174675124655e-01,1.913649331072849458e-01
-8.055814125531679526e-01,1.904169864677857649e-01
-8.060268293030400377e-01,1.897466199543835774e-01
-8.065440677171291650e-01,1.893538335670784112e-01
-8.071331277954351124e-01,1.892386273058703217e-01
-8.077940095379582131e-01,1.894010011707593089e-01
-8.085267129446978007e-01,1.898409551617452617e-01
-8.093312380156545416e-01,1.905584892788283469e-01
-8.102075847508281026e-01,1.915536035220084532e-01
-8.110947383502201680e-01,1.927376388912178662e-01
-8.117843326979268248e-01,1.938078240672925501e-01
-8.122590480190223783e-01,1.947389921411161462e-01
-8.125188843135069394e-01,1.955311431126885990e-01
-8.125638415813805082e-01,1.961842769820100196e-01
-8.123939198226431957e-01,1.966983937490804912e-01
-8.120091190372945578e-01,1.970734934138997640e-01
-8.114094392253348165e-01,1.973095759764679769e-01
-8.105948803867644159e-01,1.974066414367852129e-01
-8.095654425215826899e-01,1.973646897948513057e-01
-8.083211256297899716e-01,1.971837210506663662e-01
-8.068619297113861499e-01,1.968637352042303668e-01
-8.051878547663713359e-01,1.964047322555433073e-01
-8.032989007947455296e-01,1.958067122046051878e-01
-8.011950677965086198e-01,1.950696750514159250e-01
-7.988763557716609398e-01,1.941936207959757688e-01
-7.963427647202017123e-01,1.931785494382843582e-01
-7.935942946421320476e-01,1.920244609783421375e-01
-7.907293231825474056e-01,1.908051260858097120e-01
-7.881239386620052523e-01,1.898025629695192507e-01
-7.858149961421090346e-01,1.890444082187812402e-01
-7.838024956228580864e-01,1.885306618335954032e-01
-7.820864371042527408e-01,1.882613238139620171e-01
-7.806668205862933307e-01,1.882363941598809987e-01
-7.795436460689790792e-01,1.884558728713523201e-01
-7.787169135523105412e-01,1.889197599483759815e-01
-7.781866230362878278e-01,1.896280553909519551e-01
-7.779527745209106060e-01,1.905807591990803518e-01
-7.780153680061789867e-01,1.917778713727609496e-01
-7.783744034920930810e-01,1.932193919119940817e-01
-7.790298809786526668e-01,1.949053208167795814e-01
-7.799818004658578552e-01,1.968356580871171435e-01
-7.812301619537085351e-01,1.990104037230073786e-01
-7.827749654422051506e-01,2.014295577244500368e-01
-7.846162109313470356e-01,2.040931200914445354e-01
-7.867538984211346342e-01,2.070010908239918734e-01
-7.889840135507962815e-01,2.102758183232529277e-01
-7.904313347126208367e-01,2.144421772302090856e-01
-7.909958948698306846e-01,2.195601182614308200e-01
-7.906776940224256034e-01,2.256296414169163267e-01
-7.894767321704052598e-01,2.326507466966677706e-01
-7.873930093137699870e-01,2.406234341006841249e-01
-7.844265254525203401e-01,2.495477036289638628e-01
-7.805772805866550978e-01,2.594235552815099544e-01
-7.758452747161748153e-01,2.702509890583210117e-01
-7.702305078410806027e-01,2.820300049593948422e-01
-7.637329799613702397e-01,2.947606029847356091e-01
-7.563526910770451694e-01,3.084427831343413695e-01
-7.480896411881061692e-01,3.230765454082094035e-01
-7.389438302945510184e-01,3.386618898063448180e-01
-7.289152583963824927e-01,3.551988163287422839e-01
-7.180039254935972615e-01,3.726873249754074635e-01
-7.062098315861969899e-01,3.911274157463375811e-01
-6.935329766741840096e-01,4.105190886415291951e-01
-6.802077115763306425e-01,4.305698050552815848e-01
-6.673657713441547568e-01,4.498668274698481295e-01
-6.551564202889150756e-01,4.682238302144857700e-01
-6.435796584106074913e-01,4.856408132892012786e-01
-6.326354857092340023e-01,5.021177766939910470e-01
-6.223239021847966068e-01,5.176547204288526327e-01
-6.126449078372914192e-01,5.322516444937913649e-01
-6.035985026667222142e-01,5.459085488888022475e-01
-5.951846866730854391e-01,5.586254336138900545e-01
-5.874034598563830922e-01,5.704022986690521213e-01
-5.802548222166160619e-01,5.812391440542867826e-01
-5.737387737537819055e-01,5.911359697695977022e-01
-5.678553144678820663e-01,6.000927758149833258e-01
-5.626044443589174326e-01,6.081095621904418769e-01
-5.579861634268858950e-01,6.151863288959762421e-01
-5.540004716717885636e-01,6.213230759315850893e-01
-5.506473690936259935e-01,6.265198032972675302e-01
-5.479268556923971856e-01,6.307765109930254521e-01
-5.458170413381975283e-01,6.341392178188380857e-01
-5.441984625388632812e-01,6.368590673985505823e-01
-5.430530651795493213e-01,6.389740142214014318e-01
-5.423808492602554265e-01,6.404840582873900789e-01
-5.421818147809813748e-01,6.413891995965174120e-01
-5.424559617417273882e-01,6.416894381487827648e-01
-5.432032901424932447e-01,6.413847739441864704e-01
-5.444237999832794994e-01,6.404752069827283067e-01
-5.461174912640855972e-01,6.389607372644082739e-01
-5.482843639849114270e-01,6.368413647892269269e-01
-5.509244181457575440e-01,6.341170895571833777e-01
-5.540376537466232820e-01,6.307879115682786253e-01
-5.576240707875095293e-01,6.268538308225115596e-01
-5.616836692684158416e-01,6.223148473198825137e-01
-5.662164491893414420e-01,6.171709610603928198e-01
-5.710945855996328868e-01,6.115568679253036155e-01
-5.755428672451903260e-01,6.062894488326313613e-01
-5.794307054725286177e-01,6.015063119228373223e-01
-5.827581002816489830e-01,5.972074571959198330e-01
-5.855250516725510890e-01,5.933928846518800038e-01
-5.877315596452341584e-01,5.900625942907179455e-01
-5.893776241996993015e-01,5.872165861124329922e-01
-5.904632453359457411e-01,5.848548601170258099e-01
-5.909884230539736993e-01,5.829774163044955104e-01
-5.909531573537833982e-01,5.815842546748426489e-01
-5.903574482353747266e-01,5.806753752280675585e-01
-5.892012956987474626e-01,5.802507779641696839e-01
-5.874846997439016061e-01,5.803104628831492473e-01
-5.852076603708377123e-01,5.808544299850061376e-01
-5.823701775795548929e-01,5.818826792697404660e-01
-5.789722513700537032e-01,5.833952107373523432e-01
-5.750138817423345872e-01,5.853920243878414365e-01
-5.704950686963963236e-01,5.878731202212080786e-01
-5.655275416950099610e-01,5.907746188419001898e-01
-5.608843434433894437e-01,5.936545464005804629e-01
-5.567130885045816768e-01,5.964285068138136525e-01
-5.530137768785873265e-01,5.990965000815996477e-01
-5.497864085654049493e-01,6.016585262039390036e-01
-5.470309835650354335e-01,6.041145851808314982e-01
-5.447475018774787792e-01,6.064646770122764652e-01
-5.429359635027346531e-01,6.087088016982751260e-01
-5.415963684408030554e-01,6.108469592388265923e-01
-5.407287166916845411e-01,6.128791496339309752e-01
-5.403330082553785552e-01,6.148053728835887188e-01
-5.404092431318852086e-01,6.166256289877992680e-01
-5.409574213212046123e-01,6.183399179465630668e-01
-5.419775428233366554e-01,6.199482397598798933e-01
-5.434696076382812269e-01,6.214505944277496363e-01
-5.454336157660388817e-01,6.228469819501726290e-01
-5.478695672066090649e-01,6.241374023271486493e-01
-5.507774619599916655e-01,6.253218555586776972e-01
-5.540728569525977809e-01,6.263979503401990723e-01
-5.570846736445650427e-01,6.273466827072089469e-01
-5.596682995721145026e-01,6.281639574458610653e-01
-5.618237347352466049e-01,6.288497745561553165e-01
-5.635509791339609054e-01,6.294041340380919225e-01
-5.648500327682577371e-01,6.298270358916707723e-01
-5.657208956381372111e-01,6.301184801168919769e-01
-5.661635677435988834e-01,6.302784667137550922e-01
-5.661780490846430869e-01,6.303069956822607844e-01
-5.657643396612695996e-01,6.302040670224084984e-01
-5.649224394734786436e-01,6.299696807341985672e-01
-5.636523485212698859e-01,6.296038368176307687e-01
-5.619540668046437704e-01,6.291065352727054361e-01
-5.598275943236001861e-01,6.284777760994222362e-01
-5.572729310781386891e-01,6.277175592977810581e-01
-5.542900770682602785e-01,6.268258848677824568e-01
-5.508790322939635109e-01,6.258027528094258773e-01
-5.470397967552492746e-01,6.246481631227114306e-01
-5.428324172349989762e-01,6.233886546271931728e-01
-5.388095269604025184e-01,6.222684741049979706e-01
-5.351050329260308436e-01,6.213468043032334132e-01
-5.317189351318845070e-01,6.206236452219000554e-01
-5.286512335779622873e-01,6.200989968609971204e-01
-5.259019282642647397e-01,6.197728592205251630e-01
-5.234710191907924193e-01,6.196452323004840723e-01
-5.213585063575443268e-01,6.197161161008737373e-01
-5.195643897645212395e-01,6.199855106216942691e-01
-5.180886694117229352e-01,6.204534158629455565e-01
-5.169313452991490809e-01,6.211198318246275996e-01
-5.160924174268000097e-01,6.219847585067403983e-01
-5.155718857946756106e-01,6.230481959092841748e-01
-5.153697504027759946e-01,6.243101440322588180e-01
-5.154860112511009396e-01,6.257706028756639949e-01
-5.159206683396506676e-01,6.274295724395001494e-01
-5.166737216684251788e-01,6.292870527237672817e-01
-5.177451712374241399e-01,6.313430437284646146e-01
-5.190102976613638619e-01,6.336127364819651442e-01
-5.191264748839583554e-01,6.362596650689438249e-01
-5.177289491306441560e-01,6.393282571052474328e-01
-5.148177204014207087e-01,6.428185125908770781e-01
-5.103927886962892346e-01,6.467304315258316505e-01
-5.044541540152478465e-01,6.510640139101123713e-01
-4.970018163582974324e-01,6.558192597437184634e-01
-4.880357757254396023e-01,6.609961690266492607e-01
-4.775560321166713584e-01,6.665947417589064283e-01
-4.655625855319939776e-01,6.726149779404889673e-01
-4.520554359714099024e-01,6.790568775713962113e-01
-4.370345834349145808e-01,6.859204406516297148e-01
-4.205000279225101778e-01,6.932056671811888116e-01
-4.024517694341999130e-01,7.009125571600720583e-01
-3.828898079699776802e-01,7.090411105882822307e-01
-3.618141435298500297e-01,7.175913274658164420e-01
-3.392247761138097450e-01,7.265632077926774679e-01
-3.151217057218605455e-01,7.359567515688640871e-01
-2.896629985008835062e-01,7.457157325335754816e-01
-2.648635298776641500e-01,7.551234323162893114e-01
-2.413356518487753677e-01,7.639620290510307221e-01
-2.190793644142208785e-01,7.722315227377984925e-01
-1.980946675739930496e-01,7.799319133765951761e-01
-1.783815613280958223e-01,7.870632009674194407e-01
-1.599400456765322498e-01,7.936253855102701760e-01
-1.427701206192959205e-01,7.996184670051493804e-01
-1.268717861563928018e-01,8.050424454520553885e-01
-1.122450422878174953e-01,8.098973208509899768e-01
-9.888988901357274874e-02,8.141830932019520350e-01
-8.680632633366053286e-02,8.178997625049410081e-01
-7.599435424807673978e-02,8.210473287599580061e-01
-6.645397275682352056e-02,8.236257919670026961e-01
-5.818518185990220748e-02,8.256351521260745230e-01
-5.118798155730995558e-02,8.270754092371743749e-01
-4.546237184904829143e-02,8.279465633003020297e-01
-4.100835273511785339e-02,8.282486143154567104e-01
-3.775877580020547963e-02,8.280106362088847094e-01
-3.468463136442573314e-02,8.276781696742863126e-01
-3.143664019762450190e-02,8.274024456607377287e-01
-2.801480229980228900e-02,8.271834641682385136e-01
-2.441911767095975017e-02,8.270212251967892225e-01
-2.064958631109562945e-02,8.269157287463894113e-01
-1.670620822021054788e-02,8.268669748170393019e-01
-1.258898339830521497e-02,8.268749634087388944e-01
-8.297911845378220380e-03,8.269396945214879668e-01
-3.832993561430256269e-03,8.270611681552868522e-01
8.057714535378672494e-04,8.272393843101352173e-01
5.618383199527739180e-03,8.274743429860335064e-01
1.060484167653772021e-02,8.277660441829812754e-01
1.576514688456950170e-02,8.281144879009785242e-01
2.109929882362224923e-02,8.285196741400256970e-01
2.660729749369501740e-02,8.289816029001222386e-01
3.228914289478967969e-02,8.295002741812687042e-01
3.814483502690530631e-02,8.300756879834647606e-01
4.416288893077180422e-02,8.307000557342103519e-01
5.012764259344965750e-02,8.312271253498940693e-01
5.595742519346882937e-02,8.316015114260716379e-01
6.165223673082839695e-02,8.318232139627427246e-01
6.721207720553026843e-02,8.318922329599074406e-01
7.263694661757254256e-02,8.318085684175656747e-01
7.792684496695712060e-02,8.315722203357175379e-01
8.308177225368300334e-02,8.311831887143633635e-01
8.810172847774938587e-02,8.306414735535024851e-01
9.298671363915797516e-02,8.299470748531354580e-01
9.773672773790786916e-02,8.290999926132616160e-01
1.023517707739983462e-01,8.281002268338817363e-01
1.068318427474309329e-01,8.269477775149953747e-01
1.111769436582048659e-01,8.256426446566025312e-01
1.153870735063194097e-01,8.241848282587036501e-01
1.194647213991508333e-01,8.225799510073469323e-01
1.234662816167814287e-01,8.209554028797864111e-01
1.274151407110646061e-01,8.193640121469745186e-01
1.313112986819996997e-01,8.178057788089120317e-01
1.351547555295861125e-01,8.162807028655989505e-01
1.389455112538250936e-01,8.147887843170346089e-01
1.426835658547160324e-01,8.133300231632194510e-01
1.463689193322582627e-01,8.119044194041540319e-01
1.500015716864530335e-01,8.105119730398371303e-01
1.535815229172997620e-01,8.091526840702696344e-01
1.571087730247977821e-01,8.078265524954514332e-01
1.605833220089483981e-01,8.065335783153820826e-01
1.640051698697503058e-01,8.052737615300621377e-01
1.673743166072047539e-01,8.040471021394912654e-01
1.706907622213111875e-01,8.028536001436694658e-01
1.739545067120689403e-01,8.016932555425970719e-01
1.771655500794792060e-01,8.005660683362736396e-01
1.803238923235413460e-01,7.994720385246991690e-01
1.834295334442549719e-01,7.984111661078744371e-01
1.864824734416209995e-01,7.973834510857984448e-01
1.894827123156389570e-01,7.963888934584715251e-01
1.924302500663084281e-01,7.954274932258941222e-01
1.953250866936302454e-01,7.944992503880654588e-01
1.981672221976035764e-01,7.936041649449863122e-01
2.009566565782293091e-01,7.927422368966562383e-01
2.036933898355069161e-01,7.919134662430752369e-01
2.063774219694360368e-01,7.911178529842435303e-01
2.090087529800175870e-01,7.903553971201608963e-01
2.115873828672510670e-01,7.896260986508274460e-01
2.141133116311360052e-01,7.889299575762431793e-01
2.165865392716732896e-01,7.882669738964078743e-01
2.190070657888625871e-01,7.876371476113219749e-01
2.213748911827033705e-01,7.870404787209852593e-01
2.236900154531965002e-01,7.864769672253975052e-01
2.259524386003411434e-01,7.859466131245589349e-01
2.281621606241381328e-01,7.854494164184695482e-01
2.303163333019747905e-01,7.849879611647068156e-01
2.323031638963186374e-01,7.846636716231809583e-01
2.340649758992716933e-01,7.845288749598331446e-01
2.356017693108334865e-01,7.845835711746631524e-01
2.369135441310040169e-01,7.848277602676713149e-01
2.380003003597835065e-01,7.852614422388575210e-01
2.388620379971718166e-01,7.858846170882218818e-01
2.394987570431689194e-01,7.866972848157640641e-01
2.399104574977748705e-01,7.876994454214845121e-01
2.400971393609896976e-01,7.888910989053827816e-01
2.400588026328133451e-01,7.902722452674590947e-01
2.397954473132458408e-01,7.918428845077136735e-01
2.393070734022872403e-01,7.936030166261460739e-01
2.385936808999373493e-01,7.955526416227565178e-01
2.376552698061963342e-01,7.976917594975452275e-01
2.364918401210643339e-01,8.000203702505115366e-01
2.351033918445409876e-01,8.025384738816563335e-01
2.334899249766264062e-01,8.052460703909789519e-01
2.317010748070131299e-01,8.081122044546059646e-01
2.325144549385900761e-01,8.094046019343997811e-01
2.375306135329745827e-01,8.081250720869356252e-01
2.467495505901683983e-01,8.042736149122131639e-01
2.601712661101707735e-01,7.978502304102319531e-01
2.777957600929786275e-01,7.888549185809941022e-01
2.996230325385978999e-01,7.772876794244966137e-01
3.256530834470258706e-01,7.631485129407404866e-01
3.558859128182570442e-01,7.464374191297290517e-01
3.902378750757898307e-01,7.271950861039503389e-01
4.229449200839481837e-01,7.082253479706073218e-01
4.504947366267582076e-01,6.912367148485670798e-01
4.728873247042297834e-01,6.762291867378238397e-01
4.901226843163548619e-01,6.632027636383827085e-01
5.022008154631395493e-01,6.521574455502393564e-01
5.091624142971470368e-01,6.430799838963707771e-01
5.142780205803153537e-01,6.349056589129226102e-01
5.196167528749002784e-01,6.269608718708284956e-01
5.251786111809013669e-01,6.192456227700903204e-01
5.309635954983171757e-01,6.117599116107090840e-01
5.369717058271500365e-01,6.045037383926823438e-01
5.432029421673985059e-01,5.974771031160110990e-01
5.496573045190620288e-01,5.906800057806969040e-01
5.563347928821426036e-01,5.841124463867373162e-01
5.632354072566377878e-01,5.777744249341343341e-01
5.703591476425500240e-01,5.716659414228861813e-01
5.777060140398782018e-01,5.657869958529935239e-01
5.852760064486211000e-01,5.601375882244576943e-01
5.930691248687810502e-01,5.547177185372765829e-01
6.010853693003570530e-01,5.495273867914511889e-01
6.093247397433474433e-01,5.445665929869822897e-01
6.177872361977552185e-01,5.398353371238684417e-01
6.264728586635787133e-01,5.353336192021100892e-01
6.353795177374131908e-01,5.310575233704115661e-01
6.442126075393477258e-01,5.264549145959162013e-01
6.527631877290152040e-01,5.211342077489410363e-01
6.610312583064184011e-01,5.150954028294847387e-01
6.690168192715559847e-01,5.083384998375479746e-01
6.767198706244266226e-01,5.008634987731319654e-01
6.841404123650328684e-01,4.926703996362342131e-01
6.912784444933735006e-01,4.837592024268559943e-01
6.981339670094470762e-01,4.741299071449988634e-01
7.047069799132565926e-01,4.637825137906598227e-01
7.109974832048002735e-01,4.527170223638403157e-01
7.170054768840772308e-01,4.409334328645421186e-01
7.227309609510894628e-01,4.284317452927616232e-01
7.281739354058351932e-01,4.152119596485029374e-01
7.333344002483164203e-01,4.012740759317615646e-01
7.382123554785318120e-01,3.866180941425396700e-01
7.428078010964809241e-01,3.712440142808399735e-01
7.471207371021648669e-01,3.551518363466572570e-01
7.511510661730597116e-01,3.383448104192394723e-01
7.548675477791230159e-01,3.218662119364135155e-01
7.582452673543410571e-01,3.065480611850365245e-01
7.612842248987128357e-01,2.923903581651112193e-01
7.639844204122385740e-01,2.793931028766399871e-01
7.663458538949188270e-01,2.675562953196182203e-01
7.683685253467530396e-01,2.568799354940500268e-01
7.700524347677415449e-01,2.473640233999317983e-01
7.713975821578841208e-01,2.390085590372653113e-01
7.724039675171808783e-01,2.318135424060518424e-01
7.730715908456315955e-01,2.257789735062888381e-01
7.734004521432367163e-01,2.209048523379777418e-01
7.733905514099956857e-01,2.171911789011189420e-01
7.730418886459089478e-01,2.146379531957112452e-01
7.723544638509762805e-01,2.132451752217554009e-01
7.713282770251979059e-01,2.130128449792513257e-01
7.699633281685734909e-01,2.139409624681989364e-01
7.682596172811034796e-01,2.160295276885979554e-01
7.662181788192385934e-01,2.192773352850840296e-01
7.653612775183181727e-01,2.219106325167178873e-01
7.670595267979347653e-01,2.223323717390711385e-01
7.713129266580891485e-01,2.205425529521439776e-01
7.781214770987806562e-01,2.165411761559360160e-01
7.874851781200080669e-01,2.103282413504486414e-01
7.994040297217743785e-01,2.019037485356796058e-01
8.138780319040779254e-01,1.912676977116298249e-01
8.309071846669158212e-01,1.784200888783017414e-01
8.504938845845776418e-01,1.633618494257405851e-01
8.940329494314780412e-01,1.543720221748568489e-01
9.820300679227986773e-01,1.593855882381293998e-01
1.114483218319269220e+00,1.784020302042418626e-01
1.219942113180699561e+00,1.931355146434232117e-01
1.228462660820964336e+00,1.856856795586672992e-01