-1.333499496881054291e+00,-2.456723591925775718e+00
-1.024853705761892941e+00,-2.401687708770882335e+00
-7.234381651826492510e-01,-2.350397348914211815e+00
-4.871692746436191435e-01,-2.311962507275413525e+00
-2.549300466381076435e-01,-2.275751700118267440e+00
3.011498989871451426e-02,-2.233496480343308832e+00
2.542779919262752042e-01,-2.202003528405842570e+00
5.300849221927930177e-01,-2.165397935225065407e+00
8.015003407554323056e-01,-2.131716968298719372e+00
1.069053368726620157e+00,-2.100807731064817219e+00
1.280670439265277905e+00,-2.077973240166600455e+00
1.542604549375174550e+00,-2.051667817042892139e+00
1.802157808008422624e+00,-2.027706013238066429e+00
2.059859336277447550e+00,-2.005934932190136077e+00
2.367401888645806807e+00,-1.982486110612445396e+00
2.622892116429295317e+00,-1.964996423731492969e+00
2.878223801408335003e+00,-1.949208190609080793e+00
3.133926064695354619e+00,-1.934968514683220508e+00
3.441916206387816590e+00,-1.919715644587876469e+00
3.699707695002561358e+00,-1.908384793551965108e+00
3.958568384319003819e+00,-1.898181154052974495e+00
4.218534643915140769e+00,-1.888985481752545104e+00
4.479642843368964122e+00,-1.880678532312319406e+00
4.741929352258470232e+00,-1.873141061393937212e+00
5.005430540161654562e+00,-1.866253824659041216e+00
5.270182776656509027e+00,-1.859897577769272337e+00
5.536222431321030868e+00,-1.853953076386271270e+00
5.803585873733212885e+00,-1.848301076171679824e+00
6.072309473471051433e+00,-1.842822332787139139e+00
6.342429600112538424e+00,-1.837397601894290577e+00
6.559555641152769567e+00,-1.833016573978652808e+00
6.832281167557373358e+00,-1.827388569838185761e+00
7.106505055684010586e+00,-1.821480694042005855e+00
7.382263675110680268e+00,-1.815173702251755561e+00
7.659589498424792531e+00,-1.808356824499608884e+00
7.882568040522616393e+00,-1.802532060573403649e+00
8.162643780492754075e+00,-1.794850702374694462e+00
8.444171795110376522e+00,-1.786796947787346879e+00
8.727097899655095858e+00,-1.778448471265144049e+00
8.954408995906284474e+00,-1.771609687487227580e+00
9.239715116824408270e+00,-1.762926451105817582e+00
9.526267610452554990e+00,-1.754165981260144003e+00
9.756370581574188350e+00,-1.747154194522277937e+00
1.004503000058499929e+01,-1.738450444064463252e+00
1.033478407508874852e+01,-1.729886948612977315e+00
1.062557862036505973e+01,-1.721541382621603500e+00
1.085892698341024420e+01,-1.715074036272727032e+00
1.115145783058178353e+01,-1.707316482933087132e+00
1.144487743130879664e+01,-1.699994347524151239e+00
1.168021660231825543e+01,-1.694502337340050957e+00
1.197509941394975996e+01,-1.688159693829915931e+00
1.221153817545840248e+01,-1.683551525464729304e+00
1.250761955710898832e+01,-1.678390732498931115e+00
1.280399830502523351e+01,-1.673833288795819163e+00
1.304109581974284282e+01,-1.670572556132196684e+00
1.333718637446229671e+01,-1.666916681713419557e+00
1.363265934825299830e+01,-1.663659201681216171e+00
1.386837348169019535e+01,-1.661290872443520472e+00
1.416191135733416040e+01,-1.658566042918649952e+00
1.445391670485495794e+01,-1.656034652904242233e+00
1.474406275739743144e+01,-1.653623504230256724e+00
1.497462131972036659e+01,-1.651731969885905427e+00
1.526059718882689253e+01,-1.649352796236178920e+00
1.554379881576068811e+01,-1.646888909050763017e+00
1.582389943366659857e+01,-1.644267110159617129e+00
1.610057227568947980e+01,-1.641414201392701555e+00
1.637349057497419125e+01,-1.638256984579976372e+00
1.664232756466556751e+01,-1.634722261551401212e+00
1.690677651023492345e+01,-1.630740008121131401e+00
1.721867657091019765e+01,-1.625396415233832048e+00
1.747497804876937622e+01,-1.620592833365188890e+00
1.772885158919490678e+01,-1.615583729025789284e+00
1.803142837012498845e+01,-1.609450929850786860e+00
1.828279397277612972e+01,-1.604363215309909663e+00
1.858469888615513810e+01,-1.598444253761337475e+00
1.883745264732888103e+01,-1.593791545465988557e+00
1.909212535536726918e+01,-1.589506357843238238e+00
1.940139902470652089e+01,-1.584998675677439905e+00
1.966312694042676767e+01,-1.581895572768589942e+00
1.992934973444767977e+01,-1.579499571654324086e+00
2.020087238534302188e+01,-1.577916791435264754e+00
2.047849987168655517e+01,-1.577253351212031918e+00
2.076303717205203725e+01,-1.577615370085247992e+00
2.099618302404178394e+01,-1.578714627768880163e+00
2.129492685861649903e+01,-1.581162522885478650e+00
2.153917616777108179e+01,-1.583930461024991354e+00
2.184988792794869283e+01,-1.588297206283498353e+00
2.210190967415965702e+01,-1.592437872151891698e+00
2.235622882228195962e+01,-1.597084388025515445e+00
2.261213336335672608e+01,-1.602172599315072388e+00
2.293315879739130736e+01,-1.609056262098544465e+00
2.319002718985325373e+01,-1.614903722856838364e+00
2.344616694615132602e+01,-1.620984376615852929e+00
2.370086605732665319e+01,-1.627234068786292287e+00
2.401612933794368487e+01,-1.635186158758277886e+00
2.426498371483697269e+01,-1.641581622137309626e+00
2.457068823675502500e+01,-1.649512936989839806e+00
2.481009333401198091e+01,-1.655729388969151561e+00
2.510173341553818460e+01,-1.663233950441837417e+00
2.538361301957200666e+01,-1.670326003998391373e+00
2.565434150361564747e+01,-1.676880247706595162e+00
2.591252822517131449e+01,-1.682771379634229625e+00
2.620445298937094947e+01,-1.688837794195884312e+00
2.643375344634709734e+01,-1.693115199979794649e+00
2.673605799411744144e+01,-1.698093911879365203e+00
2.701975431418934903e+01,-1.702114514138550527e+00
2.728840932615443293e+01,-1.705419968567904787e+00
2.754558994960432372e+01,-1.708253236977982370e+00
2.783003603075967902e+01,-1.711224742182933634e+00
2.810947837067058330e+01,-1.714259524360177256e+00
2.838924135076825195e+01,-1.717720255366866899e+00
2.863848265445627916e+01,-1.721382914393955188e+00
2.893319770673049973e+01,-1.726619813445842810e+00
2.920358229830106822e+01,-1.732385075264141872e+00
2.948653869087637958e+01,-1.739303021829028850e+00
2.973769873626904925e+01,-1.746038132986032387e+00
3.003907857781166513e+01,-1.754697982344895379e+00
3.030318225088488049e+01,-1.762696392714119042e+00
3.057133883732158708e+01,-1.771122878003159151e+00
3.084233503061047088e+01,-1.779879552156192535e+00
3.111495752424023920e+01,-1.788868529117396688e+00
3.138799301169955669e+01,-1.797991922830946443e+00
3.166022818647713066e+01,-1.807151847241020182e+00
3.193044974206164355e+01,-1.816250416291794290e+00
3.219744437194177777e+01,-1.825189743927444264e+00
3.250324095305052907e+01,-1.835287105776682193e+00
3.275917760050892014e+01,-1.843560015853312750e+00
3.300955257385410846e+01,-1.851589950028784237e+00
3.329616585187619648e+01,-1.860994367206286748e+00
3.357864055996841302e+01,-1.870831439639819127e+00
3.381888026001600167e+01,-1.879920937707611595e+00
3.409861275179014228e+01,-1.891658284768646503e+00
3.437953065745924874e+01,-1.905009426172498799e+00
3.462267341194353065e+01,-1.918051073651272365e+00
3.491073649982638472e+01,-1.935496033700944363e+00
3.516275804294201635e+01,-1.952657727281237543e+00
3.542073545020503644e+01,-1.972133174037102865e+00
3.568584217111151702e+01,-1.994182706665219573e+00
3.595925165515754429e+01,-2.019066657862267800e+00
3.624170380676210357e+01,-2.047154215799554589e+00
3.648318003448887481e+01,-2.073611007813832785e+00
3.672917306251834191e+01,-2.103441694757706593e+00
3.697871900129400302e+01,-2.137209452516296349e+00
3.723085396125936342e+01,-2.175477456974722834e+00
3.748461405285794257e+01,-2.218808884018109051e+00
3.773903538653321021e+01,-2.267766909531573116e+00
3.799315407272870715e+01,-2.322914709400237587e+00
3.819558338171768952e+01,-2.371868041025715801e+00
3.844672830076721226e+01,-2.439576637964248729e+00
3.864552939517417940e+01,-2.499308483192737018e+00
3.889057754491467023e+01,-2.581402567068927567e+00
3.908325202300920864e+01,-2.653372677794660461e+00
3.931908040127762405e+01,-2.751676938476304901e+00
3.954843723890467544e+01,-2.859775299177922836e+00
3.972661546596257409e+01,-2.953684193948401759e+00
3.989954150624091511e+01,-3.054510091351325229e+00
4.006680317788321588e+01,-3.162390674280469050e+00
4.022833385802258732e+01,-3.276823477252753580e+00
4.034573602695648731e+01,-3.366543451768036821e+00
4.042222629755775642e+01,-3.428054100942484528e+00
4.053430279625357002e+01,-3.522655932146633084e+00
4.064319803329313885e+01,-3.619808622117076879e+00
4.078346138369662555e+01,-3.752823213727242813e+00
4.095090222812414282e+01,-3.923734930273502730e+00
4.114032648142147508e+01,-4.133905753229375257e+00
4.134556605196733159e+01,-4.383236390480896638e+00
4.153396658949929332e+01,-4.633583851082189398e+00
4.170566282143165893e+01,-4.881344203096354306e+00
4.179632691010539958e+01,-5.020373052241212442e+00
4.186078947517871285e+01,-5.122913514586483252e+00
4.192223339419204109e+01,-5.223654900357292519e+00
4.198066927251036162e+01,-5.322313518118381381e+00
4.207140667285808178e+01,-5.481345654417618896e+00
4.215386696286759616e+01,-5.632490905984160356e+00
4.224197789322852259e+01,-5.801693159743809503e+00
4.233043898643119007e+01,-5.982362155125052539e+00
4.242343802109380135e+01,-6.192659473921250601e+00
4.250912521201340155e+01,-6.424804274657167191e+00
4.257300754308708690e+01,-6.659788105757224130e+00
4.261465789395390402e+01,-6.910007553687250947e+00
4.263458771873499842e+01,-7.153248628132355513e+00
4.264291849857966099e+01,-7.399926177155559337e+00
4.264635829963690128e+01,-7.653050560948954306e+00
4.264742254872549410e+01,-7.874559732943134271e+00
4.264705855254167943e+01,-8.138889528040573751e+00
4.264552828024492470e+01,-8.383084599016250138e+00
4.264303270064019102e+01,-8.632004244441223051e+00
4.263973542584406573e+01,-8.881839732975683077e+00
4.263580006797317168e+01,-9.128782333279803041e+00
4.263139023914408199e+01,-9.369023314013766424e+00
4.262606575690261224e+01,-9.626541570843253126e+00
4.262058055136013479e+01,-9.865338466317060906e+00
4.261373537845224035e+01,-1.012786764468193468e+01
4.260613780988808941e+01,-1.036401629274356573e+01
4.259518432783890773e+01,-1.061971715942702765e+01
4.257967472971215273e+01,-1.088073590007137703e+01
4.255883562482118521e+01,-1.114251298140302104e+01
4.253338914733664922e+01,-1.140027607046572022e+01
4.250636284094844086e+01,-1.163857802180779544e+01
4.247368923906459770e+01,-1.189573423302860000e+01
4.243869297799002283e+01,-1.214183803589601141e+01
4.239829508908290023e+01,-1.239589201666709073e+01
4.235214651926541762e+01,-1.265423005346954177e+01
4.230540748188246880e+01,-1.288736710477108893e+01
4.224737097710584521e+01,-1.314374468227492088e+01
4.218257153749313915e+01,-1.339377456238041830e+01
4.211822344541959495e+01,-1.361047307511378612e+01
4.204055685598508063e+01,-1.384122661881242600e+01
4.194908218379849529e+01,-1.408432358386222560e+01
4.186181755736920707e+01,-1.429697975055535686e+01
4.176288425210604771e+01,-1.452333332134667110e+01
4.167165651162325446e+01,-1.472364433002989337e+01
4.157146298851895239e+01,-1.493958194745788681e+01
4.147308309525622860e+01,-1.515258882649726857e+01
4.138615014478907028e+01,-1.534520847556967382e+01
4.129036589539952473e+01,-1.555810261132016414e+01
4.119916365014640292e+01,-1.575461368668912954e+01
4.110023700707187544e+01,-1.595590740815289266e+01
4.098991318938933404e+01,-1.616387393832907549e+01
4.087784161917103631e+01,-1.635831128634023912e+01
4.076581038890905972e+01,-1.653808124091279552e+01
4.064013840861066029e+01,-1.672538799406455468e+01
4.049895003442436092e+01,-1.692119544247887930e+01
4.036198260289621231e+01,-1.709963580604415512e+01
4.023545175538017560e+01,-1.725689903566064487e+01
4.007836191208316023e+01,-1.744413734747845623e+01
3.993655785758428323e+01,-1.760682086609026697e+01
3.976395294309619999e+01,-1.779790857064461918e+01
3.961082483068121718e+01,-1.796177075923802491e+01
3.945380219151678602e+01,-1.812474634413192121e+01
3.929372626445734795e+01,-1.828593178518137208e+01
3.913143828835736571e+01,-1.844442354224144509e+01
3.896777950207127361e+01,-1.859931807516720070e+01
3.880359114445352020e+01,-1.874971184381371359e+01
3.861249104215417560e+01,-1.891827735723463988e+01
3.842309258076452494e+01,-1.907811020056444562e+01
3.826219609826366508e+01,-1.920798646958306222e+01
3.804851007187656364e+01,-1.937202439324272163e+01
3.786111777544868318e+01,-1.950807834589955903e+01
3.767215610221531108e+01,-1.963820822340440486e+01
3.748049854056424834e+01,-1.976342254123443709e+01
3.725671515160798464e+01,-1.990179928856942837e+01
3.705548733077598200e+01,-2.001987628574388012e+01
3.684802315645944049e+01,-2.013620734331461293e+01
3.663319611704619660e+01,-2.025180097675878699e+01
3.640987970092405845e+01,-2.036766570155358025e+01
3.621085486360451000e+01,-2.046795856176479944e+01
3.596895440474425953e+01,-2.058684880902249148e+01
3.575316908085611090e+01,-2.069047523024786983e+01
3.552960227340980737e+01,-2.079567615013861825e+01
3.533736007127379963e+01,-2.088453699115964213e+01
3.509955478507173865e+01,-2.099259088861057165e+01
3.485399809651249114e+01,-2.110218262655268617e+01
3.464345397214418654e+01,-2.119467447984456143e+01
3.442754044635179156e+01,-2.128821780570320144e+01
3.420626366317143408e+01,-2.138280511675641193e+01
3.397962976663925616e+01,-2.147842892563202000e+01
3.374764490079139989e+01,-2.157508174495785980e+01
3.351031520966400734e+01,-2.167275608736173353e+01
3.326764683729324190e+01,-2.177144446547147183e+01
3.301964592771521723e+01,-2.187113939191490175e+01
3.281740990205585717e+01,-2.195161501635579526e+01
3.255988481597580630e+01,-2.205307515057742052e+01
3.235043289373373909e+01,-2.213476719647598401e+01
3.208498759401334155e+01,-2.223722311363749071e+01
3.187021810145733980e+01,-2.231922666176095404e+01
3.159940071849575105e+01,-2.242146478528224307e+01
3.138135346306777151e+01,-2.250280836135647533e+01
3.110771375616745615e+01,-2.260361434839489192e+01
3.088842854530946980e+01,-2.268332647814575864e+01
3.061451627377289597e+01,-2.278148598585863382e+01
3.039603291492690573e+01,-2.285859519501199699e+01
3.012439783805651672e+01,-2.295289388055666180e+01
2.985512961718077918e+01,-2.304452294885363273e+01
2.964194801576276106e+01,-2.311565221537217241e+01
2.937892328180149093e+01,-2.320153148374567564e+01
2.912046889952835826e+01,-2.328369170278523015e+01
2.886737183169101684e+01,-2.336175807531717652e+01
2.862041904103714884e+01,-2.343535580416784825e+01
2.833326196436788535e+01,-2.351727163325569947e+01
2.805659873152290729e+01,-2.359221933049800057e+01
2.783387520464442133e+01,-2.364978759479985371e+01
2.753367151452311390e+01,-2.372365590960326998e+01
2.728681091441870166e+01,-2.378141041957690405e+01
2.701058761747990289e+01,-2.384319130210450766e+01
2.678358144499584981e+01,-2.389207051105496404e+01
2.649437472830956253e+01,-2.395253875151412970e+01
2.625343773204695452e+01,-2.400211508896079238e+01
2.599129602891682111e+01,-2.405631185079913692e+01
2.574257254288028918e+01,-2.410932007933939047e+01
2.547791716086662106e+01,-2.416940134811095220e+01
2.520054776749585557e+01,-2.423837711027827169e+01
2.495991800273976224e+01,-2.430044153132772777e+01
2.469415148749013511e+01,-2.436576860599894800e+01
2.444909847279295789e+01,-2.441814798823055099e+01
2.419157221317066941e+01,-2.446147060784142369e+01
2.391490112352189712e+01,-2.449286346383946977e+01
2.368220577572376939e+01,-2.450719325079929689e+01
2.343075405925464949e+01,-2.451121651028167037e+01
2.323792337741936720e+01,-2.450703135506553210e+01
2.303277761145937319e+01,-2.449640546252792106e+01
2.281428635795166571e+01,-2.447887648346946321e+01
2.263018296074927704e+01,-2.445983655118683586e+01
2.243871425496481109e+01,-2.443647601380899914e+01
2.224073731248857300e+01,-2.440892733215941490e+01
2.203710920521085015e+01,-2.437732296706155921e+01
2.177593281606951692e+01,-2.433231600162589103e+01
2.156272325708741278e+01,-2.429207065865528392e+01
2.134664801694731295e+01,-2.424820012991271767e+01
2.112856416753951905e+01,-2.420083687622165769e+01
2.085444044445501177e+01,-2.413692296043479502e+01
2.063497089329387890e+01,-2.408218538549548526e+01
2.041627821650854102e+01,-2.402438558328399054e+01
2.014531054557574308e+01,-2.394803136920387487e+01
1.993149950523489267e+01,-2.388382586551579934e+01
1.972125082291336184e+01,-2.381698863223184759e+01
1.956641769093137739e+01,-2.376521331818570459e+01
1.936446546437963789e+01,-2.369408929196544378e+01
1.916843254354554560e+01,-2.362069780341386505e+01
1.897917600031937368e+01,-2.354517131335443736e+01
1.879755287392518426e+01,-2.346764227866484376e+01
1.862414571852701073e+01,-2.338821000074355538e+01
1.841837152077088646e+01,-2.328621857044316457e+01
1.826185833741126174e+01,-2.320241748868898668e+01
1.803928804157294152e+01,-2.307294544867276542e+01
1.786379407311828516e+01,-2.296151288798854750e+01
1.766354469877989075e+01,-2.282343393219043293e+01
1.747279631562867053e+01,-2.268047563113854537e+01
1.725974651658372139e+01,-2.250735009441246604e+01
1.708310820203207925e+01,-2.235337270229315010e+01
1.688135118021433811e+01,-2.216703460276094617e+01
1.668139289805072067e+01,-2.197328634267326208e+01
1.650915966020311387e+01,-2.180116161858139634e+01
1.630458963381340709e+01,-2.159310246780813358e+01
1.612397797166968516e+01,-2.140840749417740341e+01
1.593739345765552784e+01,-2.121808787901770543e+01
1.571332251656359347e+01,-2.099036302706197432e+01
1.551703884698902414e+01,-2.079162997447537720e+01
1.531801416214130995e+01,-2.059085920226763022e+01
1.511734457869144777e+01,-2.038921622960407021e+01
1.491612621331042376e+01,-2.018786657565000553e+01
1.474881582778885836e+01,-2.002114012477934324e+01
1.454943822077680160e+01,-1.982335533406934047e+01
1.435261749573476919e+01,-1.962916616637062361e+01
1.415944976933375976e+01,-1.943973814084851526e+01
1.394016674092313934e+01,-1.922631125730895363e+01
1.375867413404625417e+01,-1.905119741808390543e+01
1.355601364603489145e+01,-1.885766202868472163e+01
1.336433941301450545e+01,-1.867695559982218256e+01
1.315841382179675634e+01,-1.848553779376999984e+01
1.296569487582547708e+01,-1.830904228709633941e+01
1.276363349649829182e+01,-1.812677755701604454e+01
1.255604167035132157e+01,-1.794242306821521638e+01
1.236468631008388108e+01,-1.777484497128283181e+01
1.215419805880397064e+01,-1.759248575931104241e+01
1.194664063471229554e+01,-1.741340133699656789e+01
1.172739062042927749e+01,-1.722310241529458352e+01
1.150935818981332481e+01,-1.703558202819241885e+01
1.128263266273460097e+01,-1.684700685137740095e+01
1.103190896052804248e+01,-1.664690976227647567e+01
1.077584198599410215e+01,-1.644976821281647261e+01
1.052828648292432767e+01,-1.626414888789608426e+01
1.027429694088364798e+01,-1.607734981091778437e+01
9.986136866615202834e+00,-1.586885242199694979e+01
9.709730863324114836e+00,-1.567206847364607114e+01
9.458112020922929020e+00,-1.549569412783396238e+01
9.151103741489098553e+00,-1.528422312345741574e+01
8.879432560918516515e+00,-1.510075082873183128e+01
8.649042004780421067e+00,-1.494808490302215809e+01
8.370054589184910299e+00,-1.476718423998734231e+01
8.137253365264108140e+00,-1.461993750294708505e+01
7.905793536806086763e+00,-1.447732009117669172e+01
7.631957079787659026e+00,-1.431419603717815114e+01
7.408810059148581928e+00,-1.418652846792574351e+01
7.149372405198569425e+00,-1.404527561966131621e+01
6.901517488756445218e+00,-1.391926658824919905e+01
6.630164511257986781e+00,-1.379435262836380005e+01
6.343034318033205388e+00,-1.368047164812976924e+01
6.012772075435939279e+00,-1.357674417844992298e+01
5.648087878392496819e+00,-1.350055003657978858e+01
5.305063562822836865e+00,-1.346667613635223226e+01
4.914098028716201938e+00,-1.346602788987852684e+01
4.512501385327927217e+00,-1.349067141902389189e+01
4.143685684783915413e+00,-1.351894464030915621e+01
3.744256327081723068e+00,-1.354774729023466762e+01
3.387519522174201381e+00,-1.357219748728246600e+01
3.047714270806416881e+00,-1.359472516476635739e+01
2.689997904939073425e+00,-1.361789698076079702e+01
2.314220559835134416e+00,-1.364185674727225894e+01
1.964912796865106337e+00,-1.366393206637376245e+01
1.647382435220822394e+00,-1.368393129311838941e+01
1.270811949577875133e+00,-1.370765923786367502e+01
9.293564434975931654e-01,-1.372927333290469498e+01
6.290381445555816020e-01,-1.374867704663568269e+01
3.237745541458811882e-01,-1.376925248546255354e+01
1.560125405329697811e-02,-1.379134799436720726e+01
-2.934461739373657174e-01,-1.381531191833155248e+01
-6.013321480413024167e-01,-1.384149260233748713e+01
-8.555479996737046511e-01,-1.386525451107642759e+01
-1.106365688927263058e+00,-1.389099933127954678e+01
-1.352607217083918290e+00,-1.391892865147804059e+01
-1.640397896028973568e+00,-1.395561121236204727e+01
-1.917867003055678587e+00,-1.399607808570621081e+01
-2.225819961478661124e+00,-1.404853711717213294e+01
-2.553024388016870816e+00,-1.411608765002357480e+01
-2.918237447000513907e+00,-1.421315558858348460e+01
-3.294039003289870760e+00,-1.435117596899913117e+01
-3.667228802090833906e+00,-1.454800407336500889e+01
-4.040853366314545170e+00,-1.482962610399529879e+01
-4.396813686281998201e+00,-1.518275513589068026e+01
-4.700929297815475749e+00,-1.553028679881345830e+01
-4.985435057571094397e+00,-1.587151875979011706e+01
-5.267409077174636245e+00,-1.621882263172506455e+01
-5.504202120900728801e+00,-1.651967223375443439e+01
-5.746976339631651776e+00,-1.683897144297025505e+01
-5.961417240917101346e+00,-1.713204092311564253e+01
-6.144757250602483900e+00,-1.739242292568444270e+01
-6.296025726695457791e+00,-1.761528558029534253e+01
-6.415402083477051320e+00,-1.779709827501921993e+01
-6.561819810801049258e+00,-1.802838863426666904e+01
-6.704284863469503364e+00,-1.826372984672664401e+01
-6.895384816433407060e+00,-1.859915453887781212e+01
-7.074511271265123469e+00,-1.894039805479785699e+01
-7.239304145646801913e+00,-1.928624813926339598e+01
-7.429143864307153677e+00,-1.973639856868422626e+01
-7.578013093413850321e+00,-2.014089818675012822e+01
-7.724321725095825819e+00,-2.059989063483359217e+01
-7.823426731483767327e+00,-2.095909884475670282e+01
-7.910353204468188792e+00,-2.131968837808086903e+01
-7.985718122336133540e+00,-2.168115158283256250e+01
-8.041582249627730050e+00,-2.199128774896558269e+01
-8.089793997761873356e+00,-2.230137313981046177e+01
-8.117875710285558100e+00,-2.250791065482343001e+01
-8.142844168688528228e+00,-2.271418879745638009e+01
-8.164814494283817226e+00,-2.292011284547519168e+01
-8.188236657142461183e+00,-2.317687565654407678e+01
-8.203867880971051463e+00,-2.338166463900717318e+01
-8.219525701810162843e+00,-2.363682376729437706e+01
-8.232497661066251027e+00,-2.394179407803522253e+01
-8.238348341872276492e+00,-2.419491226402884720e+01
-8.239275942729010538e+00,-2.449741726505651940e+01
-8.233401409114332381e+00,-2.479856391323227172e+01
-8.217731708878835306e+00,-2.514817201873182739e+01
-8.196556240227611312e+00,-2.544634254258782491e+01
-8.162586055182995182e+00,-2.579245213980973617e+01
-8.118389483935606776e+00,-2.613665608551338693e+01
-8.072169804175539198e+00,-2.643015970769208423e+01
-8.008289997555522177e+00,-2.677078402746281682e+01
-7.933439246736986306e+00,-2.710945901697787619e+01
-7.834386026267702974e+00,-2.749412280416485999e+01
-7.738111536374965738e+00,-2.782872044728690852e+01
-7.636296944904594319e+00,-2.816163979022720909e+01
-7.532235496481003878e+00,-2.849304698118980994e+01
-7.443747991576032064e+00,-2.877603268144088133e+01
-7.344250988426592741e+00,-2.910507239151673886e+01
-7.277374825599723707e+00,-2.933945589883913740e+01
-7.215353117360182367e+00,-2.957337064823565598e+01
-7.159386025743116555e+00,-2.980687718934325403e+01
-7.119778185305253970e+00,-2.999342920161746306e+01
-7.085427886170261758e+00,-3.017978971376861708e+01
-7.063485073205844067e+00,-3.031945307521446864e+01
-7.039814070978158256e+00,-3.050555305930315342e+01
-7.026586425970882566e+00,-3.064505662788873508e+01
-7.015476574721602354e+00,-3.083099102574583128e+01
-7.012375488224796172e+00,-3.097040600784429643e+01
-7.015675350819639888e+00,-3.115627179607716712e+01
-7.027509687783640935e+00,-3.134217428967269115e+01
-7.053849345011095728e+00,-3.157473627066347888e+01
-7.083783547148859938e+00,-3.176103941771983941e+01
-7.131774705412906812e+00,-3.199437863080585132e+01
-7.178251444035472772e+00,-3.218152469575380792e+01
-7.245947442474911959e+00,-3.241619397147348280e+01
-7.323749424590288548e+00,-3.265184104827169165e+01
-7.392863566646933116e+00,-3.284117738763548289e+01
-7.487342249820270190e+00,-3.307901448568266289e+01
-7.590244617159844331e+00,-3.331830713959461576e+01
-7.700969847412216573e+00,-3.355922597608077496e+01
-7.818917119323917753e+00,-3.380194162185048867e+01
-7.943485611641475153e+00,-3.404662470361312643e+01
-8.047503932305424712e+00,-3.424390238408687992e+01
-8.182476551794845676e+00,-3.449255682994450467e+01
-8.322388092180450059e+00,-3.474365646658136342e+01
-8.437469476972438542e+00,-3.494641132812336082e+01
-8.584594099276806389e+00,-3.520227876471287942e+01
-8.704119532541076509e+00,-3.540885541063218511e+01
-8.824525682442819985e+00,-3.561704075985574036e+01
-8.975228216086934552e+00,-3.587944355361881321e+01
-9.095111190812126267e+00,-3.609102976898572024e+01
-9.242992150822294306e+00,-3.635749437171440945e+01
-9.358883782909726889e+00,-3.657217861528293668e+01
-9.499607959959419645e+00,-3.684232647955003870e+01
-9.608040081947896383e+00,-3.705980591337851138e+01
-9.737272266710622404e+00,-3.733325849175692923e+01
-9.834776711138921712e+00,-3.755323027790359447e+01
-9.969625572394290813e+00,-3.788506396011258204e+01
-1.008872985683778900e+01,-3.821896938638733587e+01
-1.020470086010462651e+01,-3.861087482628430934e+01
-1.029242315643682382e+01,-3.900500474570022647e+01
-1.035793217016829892e+01,-3.951448634173573993e+01
-1.036865359081943616e+01,-4.002604010321140748e+01
-1.032960117230245878e+01,-4.053811194234145177e+01
-1.026833390931102663e+01,-4.093573234398274963e+01
-1.019646049979935754e+01,-4.127546920841299283e+01
-1.012415968792788057e+01,-4.155746210103868776e+01
-1.004158567033252325e+01,-4.183814550701625024e+01
-9.930263150841192044e+00,-4.217285394271747379e+01
-9.828405413599840657e+00,-4.244969865532844722e+01
-9.719290227858706999e+00,-4.272436313334532088e+01
-9.603860017750333711e+00,-4.299657526803495955e+01
-9.458334866634155347e+00,-4.331960960737428223e+01
-9.332328935864365960e+00,-4.358546876400342285e+01
-9.203023423767568545e+00,-4.384800497781949247e+01
-9.071177276739355477e+00,-4.410703283812853215e+01
-8.909978761915436252e+00,-4.441330405464903919e+01
-8.773380016569332085e+00,-4.466482783202177131e+01
-8.634920043349941565e+00,-4.491307649462465434e+01
-8.466574413492548246e+00,-4.520677127042907983e+01
-8.324677635948496857e+00,-4.544811351098113761e+01
-8.181517718709887532e+00,-4.568645230080224451e+01
-8.008321632425404957e+00,-4.596861382579976407e+01
-7.863040704855377427e+00,-4.620064385445549959e+01
-7.687842171195385710e+00,-4.647548140116986559e+01
-7.541344841664288978e+00,-4.670161356051901436e+01
-7.365229390673238008e+00,-4.696962019918071007e+01
-7.218420267551417524e+00,-4.719026538108203539e+01
-7.042473429273687913e+00,-4.745193418192164359e+01
-6.867074502233323052e+00,-4.771035022949818938e+01
-6.721475088362462103e+00,-4.792312736466515588e+01
-6.547413791781236725e+00,-4.817482924160901803e+01
-6.374022947352659507e+00,-4.842192022702450771e+01
-6.201252402736830760e+00,-4.866371193317250743e+01
-6.029052005593849906e+00,-4.889951597231384994e+01
-5.828805236832013570e+00,-4.916613455736316496e+01
-5.629186599165071136e+00,-4.942257315588576461e+01
-5.430116452534790916e+00,-4.966773863364771557e+01
-5.231515156882886153e+00,-4.990053785641515560e+01
-5.005014188631370153e+00,-5.015004948663155915e+01
-4.778902697879507500e+00,-5.038034977252701907e+01
-4.524846782919644816e+00,-5.061447341709475012e+01
-4.271101350457130685e+00,-5.082204496822854622e+01
-3.989747483711570286e+00,-5.102540662145057837e+01
-3.681288319303423151e+00,-5.122145261385768578e+01
-3.374263917503612653e+00,-5.139468375851423332e+01
-3.069041013230065840e+00,-5.155144609155778568e+01
-2.738556106882521490e+00,-5.171113388424729607e+01
-2.411127698002957231e+00,-5.186701361840375313e+01
-2.060142708142017387e+00,-5.203959720175073045e+01
-1.738378228481195276e+00,-5.220133847423866058e+01
-1.390217515940572524e+00,-5.237450650949072894e+01
-1.040420228053608120e+00,-5.254065501756329581e+01
-7.142399001210583132e-01,-5.268345602736570754e+01
-4.109978388650354364e-01,-5.280198095075314058e+01
-1.023759879148330582e-01,-5.290554350414409157e+01
1.827969877684105793e-01,-5.298524407978621298e+01
4.409800062590037983e-01,-5.304617401652751596e+01
6.698459688279821966e-01,-5.309267485798089581e+01
8.965112874823354394e-01,-5.313277831661513773e+01
1.119432616263890345e+00,-5.316726312913473862e+01
1.363822226669600957e+00,-5.320031212374067309e+01
1.624845127591418636e+00,-5.323119758183935346e+01
1.919342232242939428e+00,-5.326222625684627587e+01
2.232230779330689252e+00,-5.329320392430466313e+01
2.569021308805807813e+00,-5.332292855725129499e+01
2.900906978974004513e+00,-5.334447100816765897e+01
3.256699447975501815e+00,-5.335830366725271290e+01
3.586658600173902034e+00,-5.336447023133941769e+01
3.900317369022017644e+00,-5.336618616327466214e+01
4.218786972003264246e+00,-5.336503872596765063e+01
4.530530095356678721e+00,-5.336173062490210839e+01
4.870224109354298392e+00,-5.335571181922867368e+01
5.180874809201334585e+00,-5.334794454914939621e+01
5.507088852074000229e+00,-5.333737431142750296e+01
5.789166988202014252e+00,-5.332615443660399279e+01
6.137953794743992830e+00,-5.330947274968889360e+01
6.435628824583927710e+00,-5.329263551882208105e+01
6.738268563017502544e+00,-5.327289817952855344e+01
7.044545017202027637e+00,-5.325004400382665182e+01
7.291292204700161150e+00,-5.322937089984741021e+01
7.600768205273062073e+00,-5.320036026409662355e+01
7.910162541637650868e+00,-5.316762595358881072e+01
8.156726801309050146e+00,-5.313861181815379098e+01
8.462627600135210315e+00,-5.309862873856947374e+01
8.704675951051832783e+00,-5.306353470840903697e+01
9.002931729506927994e+00,-5.301569176267361172e+01
9.237950353571831030e+00,-5.297451537363221519e+01
9.527305158524871587e+00,-5.291994592872399039e+01
9.755302216510283841e+00,-5.287420412826782012e+01
1.003600466399740476e+01,-5.281494800597577211e+01
1.025717951611692413e+01,-5.276627293312026268e+01
1.052947880640511436e+01,-5.270437030721372906e+01
1.074403081287226236e+01,-5.265439410097434347e+01
1.100817614622847529e+01,-5.259188514522266189e+01
1.121630466725679476e+01,-5.254223994461488445e+01
1.147254524394800690e+01,-5.248116483278734279e+01
1.172450196828634716e+01,-5.242176785748468859e+01
1.192303466004423029e+01,-5.237588168269262212e+01
1.216747427257724823e+01,-5.232109215495528787e+01
1.240784539101275641e+01,-5.226974387687683077e+01
1.264422492901345230e+01,-5.222246653171934838e+01
1.287668980024191434e+01,-5.217988980274500932e+01
1.310532236550582041e+01,-5.214263863526824849e+01
1.333034102726453796e+01,-5.211121964505090176e+01
1.359610152838470398e+01,-5.208175385957383696e+01
1.381444812124860810e+01,-5.206450557111523381e+01
1.407326907776517189e+01,-5.205313947811858810e+01
1.432920423047443492e+01,-5.205256887637354168e+01
1.458288845161647096e+01,-5.206344524709192001e+01
1.479303053659048395e+01,-5.208172311595591708e+01
1.504423695414952000e+01,-5.211527764433806453e+01
1.529499124482158301e+01,-5.216212500861724521e+01
1.550406580797916156e+01,-5.221178874001590486e+01
1.571363468054865820e+01,-5.227151303955259465e+01
1.592406526544683310e+01,-5.234167492181752124e+01
1.613572496559038427e+01,-5.242265140140088420e+01
1.630618458344191168e+01,-5.249547244894144171e+01
1.652097669758250120e+01,-5.259685759267880201e+01
1.665076486014360313e+01,-5.266316857501097104e+01
1.682452090985805881e+01,-5.275745595334615956e+01
1.699865224891559379e+01,-5.285783931294952964e+01
1.717268911549874844e+01,-5.296364696349469625e+01
1.738938669404180715e+01,-5.310251115758153162e+01
1.756149343091246351e+01,-5.321806759498999639e+01
1.777429199156429007e+01,-5.336699250248265969e+01
1.798363992619574248e+01,-5.351967004196458078e+01
1.818861973125710563e+01,-5.367478831826709751e+01
1.838831390319860759e+01,-5.383103543622151932e+01
1.858180493847045867e+01,-5.398709950065911300e+01
1.880451419539472369e+01,-5.417228759894452139e+01
1.898112871749826169e+01,-5.432333107465133537e+01
1.918092172831202191e+01,-5.449868472288990517e+01
1.936596891983022317e+01,-5.466546260627540477e+01
1.956110508125291858e+01,-5.484617363398476186e+01
1.970944771557195807e+01,-5.498747211751864228e+01
1.988442073806491805e+01,-5.516151199266356997e+01
2.004084799804120820e+01,-5.532831788666926798e+01
2.018694554052489920e+01,-5.549789973715451197e+01
2.033092941054009373e+01,-5.568026748173809182e+01
2.046164032743898531e+01,-5.585819682741446002e+01
2.060252748161336100e+01,-5.606028510792745578e+01
2.073555956399896161e+01,-5.625781534550048235e+01
2.085772047831656550e+01,-5.644279260905077678e+01
2.099229448374972407e+01,-5.664889365649786157e+01
2.111023905858625227e+01,-5.683062587425182244e+01
2.127221142135280729e+01,-5.708090819042782016e+01
2.137792063681825283e+01,-5.724434510190976511e+01
2.152959364421220911e+01,-5.747867688317641210e+01
2.165113354106309984e+01,-5.766632328238241456e+01
2.182253634562930955e+01,-5.793090725331258284e+01
2.195738868423439172e+01,-5.813911893648153750e+01
2.209703096322845184e+01,-5.835483561760866422e+01
2.224091394753667217e+01,-5.857727207959267446e+01
2.238848840208422075e+01,-5.880564310533224415e+01
2.253920509179626919e+01,-5.903916347772610607e+01
2.269251478159799973e+01,-5.927704797967299299e+01
2.279589056987372331e+01,-5.943767440252438661e+01
2.295230140410308195e+01,-5.968108752683453133e+01
2.310984061155591363e+01,-5.992677086842757461e+01
2.321522239667341125e+01,-6.009143323311530338e+01
2.337342170377686656e+01,-6.033915534328813379e+01
2.353128475723759649e+01,-6.058705375847378605e+01
2.363606875810133090e+01,-6.075202955429534768e+01
2.379215086643568355e+01,-6.099847688427725245e+01
2.394643209426111241e+01,-6.124300660700189525e+01
2.404801452977566711e+01,-6.140457332325498641e+01
2.419807376769771068e+01,-6.164416210699238974e+01
2.429633299228144239e+01,-6.180170781104908428e+01
2.444064458731448397e+01,-6.203417449718457277e+01
2.458077528318101912e+01,-6.226132096862387755e+01
2.467160179813543763e+01,-6.240940851322071126e+01
2.480354380633596278e+01,-6.262594303327460921e+01
2.492984028850377953e+01,-6.283506342636222541e+01
2.504994200956406303e+01,-6.303598447538224292e+01
2.516329973444198842e+01,-6.322792096323341582e+01
2.530303285805211999e+01,-6.346854709791490023e+01
2.539905849893800038e+01,-6.363727200559754493e+01
2.551589645988233812e+01,-6.384739583363292326e+01
2.562057822547876640e+01,-6.404158713548181936e+01
2.573539857576898271e+01,-6.426363389703152507e+01
2.585146817905662076e+01,-6.450263970640118316e+01
2.594607258098029234e+01,-6.471528332735638855e+01
2.602156627680754042e+01,-6.490535915809925882e+01
2.609656627086491909e+01,-6.513024636676306045e+01
2.615692808038610195e+01,-6.537812389107477884e+01
2.619036565372319814e+01,-6.560547308926436472e+01
2.620777943192964088e+01,-6.582986061967484659e+01
2.622001517636487833e+01,-6.606876070953681790e+01
2.623190247498497030e+01,-6.630443174602909551e+01
2.624197115789145585e+01,-6.652780513261026840e+01
2.625001070636826128e+01,-6.676115309149216159e+01
2.625452293260113379e+01,-6.700150297681013001e+01
2.625439984942656224e+01,-6.721521599978885320e+01
2.624942544132402489e+01,-6.743002250021376653e+01
2.623859603950386088e+01,-6.764393103759358894e+01
2.622389279954660068e+01,-6.782505696048160360e+01
2.619952704321712389e+01,-6.803201443865773967e+01
2.617173765660653828e+01,-6.820423869467992972e+01
2.613037414211919085e+01,-6.839738427387239028e+01
2.608654654222469915e+01,-6.855531774245827137e+01
2.604366417103600284e+01,-6.868151141044391750e+01
2.598406080525774087e+01,-6.882647970232967793e+01
2.591501257201945663e+01,-6.896443655524356586e+01
2.584982981932791546e+01,-6.907407543676779937e+01
2.577733331498868807e+01,-6.917889961243001551e+01
2.569717996086013656e+01,-6.927893378631188170e+01
2.560902665880063722e+01,-6.937420266249495171e+01
2.551253031066859123e+01,-6.946473094506089296e+01
2.538523878991093596e+01,-6.956714208391233001e+01
2.526918003496072984e+01,-6.964732801888790448e+01
2.514368031988477981e+01,-6.972285241330752115e+01
2.500839654654143729e+01,-6.979373997125284745e+01
2.489289444396309392e+01,-6.984712809649045084e+01
2.477073529503448057e+01,-6.989757710548651914e+01
2.467464308970638953e+01,-6.993349257333291291e+01
2.457471604786410424e+01,-6.996776164185010316e+01
2.443573123454673279e+01,-7.001087855747594801e+01
2.432735443667018060e+01,-7.004127353694073577e+01
2.413924047529519612e+01,-7.008820555451954704e+01
2.394230571095466686e+01,-7.013044466520159403e+01
2.373716935885293466e+01,-7.016795042092680035e+01
2.348105149549369131e+01,-7.020665234838553204e+01
2.321508501952552095e+01,-7.023841010525215722e+01
2.294033993482145917e+01,-7.026315379727894594e+01
2.261013631407653435e+01,-7.028306319309876926e+01
2.232004161817584631e+01,-7.029236996853930464e+01
2.202455665913722171e+01,-7.029444134735543059e+01
2.177497358610714073e+01,-7.029059003203256850e+01
2.152300954823632395e+01,-7.028162514998844301e+01
2.126928376072902438e+01,-7.026750625316296350e+01
2.106544951997723913e+01,-7.025247374921325161e+01
2.086109000328609397e+01,-7.023415632362285521e+01
2.065622199617415333e+01,-7.021269609061546646e+01
2.045084301009787708e+01,-7.018824561652093053e+01
2.024495055651373221e+01,-7.016095746766917784e+01
2.003854214687817503e+01,-7.013098421039005359e+01
1.983161529264774003e+01,-7.009847841101347399e+01
1.957222387100759065e+01,-7.005451719973635250e+01
1.936412141770133388e+01,-7.001687100128405916e+01
1.910325262330920637e+01,-6.996696702056547679e+01
1.884155626166586117e+01,-6.991417867482655879e+01
1.857902747233477214e+01,-6.985880394518038372e+01
1.826288727709498971e+01,-6.978935980025455876e+01
1.799851003811413719e+01,-6.972934391953033639e+01
1.773328481804851364e+01,-6.966769519446060599e+01
1.746720675646159648e+01,-6.960471160615841768e+01
1.720027099291675654e+01,-6.954069113573687844e+01
1.687880906968049999e+01,-6.946291744021530690e+01
1.661000095513950470e+01,-6.939762351430000820e+01
1.634049269829699469e+01,-6.933202122241090137e+01
1.607044457945818650e+01,-6.926619388516532183e+01
1.580001687892830020e+01,-6.920022482318060497e+01
1.552936987701246707e+01,-6.913419735707411462e+01
1.525866385401593028e+01,-6.906819480746318618e+01
1.498805909024382466e+01,-6.900230049496519769e+01
1.471771586600135606e+01,-6.893659774019744191e+01
1.444779446159375347e+01,-6.887116986377732530e+01
1.417845515732614103e+01,-6.880610018632216907e+01
1.396351053437796885e+01,-6.875435833906766447e+01
1.369562291673146781e+01,-6.869014338770513461e+01
1.337553264841533363e+01,-6.861387355391990184e+01
1.311012454775971570e+01,-6.855106987849806899e+01
1.284609994877002670e+01,-6.848904100512791615e+01
1.258361913175151336e+01,-6.842787025442680715e+01
1.232283648801890052e+01,-6.836762590855012434e+01
1.206387112319294275e+01,-6.830828614209144689e+01
1.180682905952518169e+01,-6.824979571920606247e+01
1.150106658978994112e+01,-6.818065049608895833e+01
1.124862891151340172e+01,-6.812383400613636297e+01
1.099845373697986517e+01,-6.806768992982208033e+01
1.070137928161763519e+01,-6.800112677507613057e+01
1.045655473816189485e+01,-6.794626738583767178e+01
1.016620886643876531e+01,-6.788108529166670735e+01
9.879792621223433713e+00,-6.781652115186366814e+01
9.644246362577796106e+00,-6.776312082154946381e+01
9.365510164251947600e+00,-6.769944145385377965e+01
9.091222572388648615e+00,-6.763610933772551448e+01
8.821566756383695918e+00,-6.757302893099974028e+01
8.556723317215087832e+00,-6.751010463350478119e+01
8.296519969397341043e+00,-6.744723287525397382e+01
8.040075166126232631e+00,-6.738429406784652542e+01
7.786422432806034521e+00,-6.732116670481778442e+01
7.534595294841039959e+00,-6.725772927970311343e+01
7.241814938369307342e+00,-6.718316496400282745e+01
6.990627712213488110e+00,-6.711863890302456070e+01
6.738205578526371475e+00,-6.705341800948895070e+01
6.483582062712248018e+00,-6.698738077693131743e+01
6.225790690175338149e+00,-6.692040569888700929e+01
5.963864986319936889e+00,-6.685237126889136050e+01
5.741738132989566701e+00,-6.679477902246266297e+01
5.469722672419686127e+00,-6.672448686793275385e+01
5.190834535843411146e+00,-6.665279109313497941e+01
4.952574951791339330e+00,-6.659188968930932617e+01
4.709464152613661803e+00,-6.652991919514136043e+01
4.462563269829749935e+00,-6.646689417689695745e+01
4.162783333688348186e+00,-6.638989321427547452e+01
3.911304350869424074e+00,-6.632460082069466978e+01
3.659453542533997350e+00,-6.625830170088453031e+01
3.408299114335134661e+00,-6.619101079167219837e+01
3.158909271925821827e+00,-6.612274302988494412e+01
2.912352220959156579e+00,-6.605351335234999510e+01
2.669696167088122074e+00,-6.598333669589455042e+01
2.432009315965787177e+00,-6.591222799734579496e+01
2.200359873245219422e+00,-6.584020219353098469e+01
1.975816044579406183e+00,-6.576727422127727607e+01
1.717246894292233428e+00,-6.567859082328627096e+01
1.512095500445665985e+00,-6.560373065809889681e+01
1.279898715790160679e+00,-6.551277192184885223e+01
1.063904849941808894e+00,-6.542050251830994512e+01
8.628082524496994976e-01,-6.532652854866313419e+01
6.447040546724152055e-01,-6.521413537401585359e+01
4.699191765576729574e-01,-6.511491890607138089e+01
2.777498945373284012e-01,-6.499517278404627518e+01
9.560064037623856870e-02,-6.487044289798369334e+01
-7.929003467092453350e-02,-6.474001210860758704e+01
-2.496835793495343070e-01,-6.460316327664185110e+01
-4.183414424049480829e-01,-6.445917926281035193e+01
-5.636170905943174159e-01,-6.432954176739460195e+01
-7.363778375106785345e-01,-6.417040408712070132e+01
-8.892520348808229391e-01,-6.402671770672819207e+01
-1.048156386895187975e+00,-6.387595511627073819e+01
-1.240725564758008215e+00,-6.369199331423329369e+01
-1.382068898374842369e+00,-6.355616933378501443e+01
-1.554815386580348680e+00,-6.338930732553661329e+01
-1.729911011467449855e+00,-6.321924175695158965e+01
-1.906222509314503322e+00,-6.304705451628025514e+01
-2.082616616399865617e+00,-6.287382749177287167e+01
-2.287002257503792269e+00,-6.267185847773446028e+01
-2.459687627115964670e+00,-6.250009006599655947e+01
-2.628866937514575675e+00,-6.233070784988193225e+01
-2.820299637635067747e+00,-6.213755450300716632e+01
-3.003618122943183089e+00,-6.195083960209849039e+01
-3.200881661512265275e+00,-6.174753790368784934e+01
-3.383832523790960334e+00,-6.155623191315163467e+01
-3.575777752193945336e+00,-6.135246418927503242e+01
-3.757552748824024569e+00,-6.115675544622012438e+01
-3.953306452911342639e+00,-6.094361739129905686e+01
-4.148739033631577477e+00,-6.072942343743491023e+01
-4.329675898273539048e+00,-6.053095879813861302e+01
-4.520262774833715191e+00,-6.032272462173285987e+01
-4.725193931554770188e+00,-6.010049836449708494e+01
-4.897506882961017993e+00,-5.991527913679622941e+01
-5.110331205960878087e+00,-5.968855300423439303e+01
-5.308800861910057733e+00,-5.947872440828529506e+01
-5.516439440954550300e+00,-5.926050501241773105e+01
-5.700075735234385377e+00,-5.906843805631577737e+01
-5.919011607107740325e+00,-5.884043395876125970e+01
-6.109138472655086360e+00,-5.864321054814827505e+01
-6.331921717990428355e+00,-5.841295942508829597e+01
-6.522153509633676016e+00,-5.821704042526272360e+01
-6.710279990393480887e+00,-5.802390256959945702e+01
-6.925285281631674117e+00,-5.780392622913909406e+01
-7.133413515790406834e+00,-5.759179408361274000e+01
-7.332504657076849064e+00,-5.738969161309676537e+01
-7.521080973795326585e+00,-5.719907135849086899e+01
-7.725402111898970858e+00,-5.699330113530056963e+01
-7.920606679737826283e+00,-5.679719093209488534e+01
-8.109641869338531706e+00,-5.660737353896354307e+01
-8.295454872727642481e+00,-5.642048174599637633e+01
-8.504312581531570103e+00,-5.620953291442140198e+01
-8.693064037746985662e+00,-5.601767783264799760e+01
-8.863032685891710116e+00,-5.584368786897755399e+01
-9.065428864700660228e+00,-5.563482637756474958e+01
-9.251869679725999163e+00,-5.544077674724828597e+01
-9.420136331842559940e+00,-5.526432303238365762e+01
-9.596321570122233524e+00,-5.507842205044286032e+01
-9.779356718869136600e+00,-5.488434089217620482e+01
-9.968127291267675716e+00,-5.468339990190739286e+01
-1.012901328079929186e+01,-5.451166149046467524e+01
-1.032540422663533519e+01,-5.430157336914385269e+01
-1.049107972985692072e+01,-5.412406144181485956e+01
-1.065790035251906787e+01,-5.394514773012355136e+01
-1.085868855700701019e+01,-5.372967675685121947e+01
-1.102575819151785907e+01,-5.355036870985173181e+01
-1.122497225321466097e+01,-5.333664344619814557e+01
-1.138916930455827980e+01,-5.316063925053799721e+01
-1.158306330944486717e+01,-5.295309752048013507e+01
-1.177247660884015446e+01,-5.275079911472094096e+01
-1.195629668301998016e+01,-5.255506197411366287e+01
-1.213386480635807629e+01,-5.236664957583769109e+01
-1.233363271195467448e+01,-5.215541825706169732e+01
-1.252621557478221703e+01,-5.195241629742050549e+01
-1.271243103093151028e+01,-5.175657896674212566e+01
-1.291850073322193992e+01,-5.154017205497189735e+01
-1.311854225025096099e+01,-5.133014302311492827e+01
-1.331377607670801311e+01,-5.112490253633733772e+01
-1.350542270728261585e+01,-5.092286125980515976e+01
-1.369470263666427101e+01,-5.072242985868440712e+01
-1.388283635954249640e+01,-5.052201899814113517e+01
-1.407102523555196250e+01,-5.032006102428265848e+01
-1.428336415425797590e+01,-5.009011687603749863e+01
-1.447218677326701908e+01,-4.988360052222147090e+01
-1.466057412110487412e+01,-4.967544755637895548e+01
-1.484803884384457007e+01,-4.946600371864526835e+01
-1.503409358755913594e+01,-4.925561474915572546e+01
-1.521825099832151729e+01,-4.904462638804573515e+01
-1.540002372220474491e+01,-4.883338437545061339e+01
-1.557892440528181943e+01,-4.862223445150568324e+01
-1.575446569362576810e+01,-4.841152235634628198e+01
-1.592616922269163560e+01,-4.820159892913579824e+01
-1.609387142416302297e+01,-4.799299357022944434e+01
-1.625779866556109710e+01,-4.778645686245432245e+01
-1.641820154789589381e+01,-4.758275313454754496e+01
-1.659475410770440718e+01,-4.735792441574893274e+01
-1.674849980069569000e+01,-4.716277858032263737e+01
-1.691819955884730931e+01,-4.694951891541347067e+01
-1.708478675939838709e+01,-4.674395599327164774e+01
-1.726666710190039922e+01,-4.652590343264781581e+01
-1.744563555658017862e+01,-4.632018468792321642e+01
-1.762258827869196764e+01,-4.612593026919059014e+01
-1.779948397266342397e+01,-4.593609886545637977e+01
-1.797845308032010792e+01,-4.574265162837004794e+01
-1.816162604348766507e+01,-4.553754970958089388e+01
-1.833183681696909417e+01,-4.533634912165304343e+01
-1.848869814485728469e+01,-4.513937499287510491e+01
-1.865193134374705153e+01,-4.492105073785755565e+01
-1.880084482104140164e+01,-4.470926760282515033e+01
-1.895620263681315265e+01,-4.447522972385282003e+01
-1.909485401975247143e+01,-4.425543970344079270e+01
-1.923785515837981919e+01,-4.401989701470124317e+01
-1.938416678104974977e+01,-4.377159604350439537e+01
-1.950787210471166588e+01,-4.355709323448419212e+01
-1.965755341418234181e+01,-4.329318015665771213e+01
-1.978261117912999012e+01,-4.306986132037898329e+01
-1.990732128942353540e+01,-4.284530813227171109e+01
-2.003108224462987863e+01,-4.262125367564139111e+01
-2.015329254431584616e+01,-4.239943103379361844e+01
-2.027335068804828211e+01,-4.218157329003399525e+01
-2.039065517539403416e+01,-4.196941352766809530e+01
-2.050460450591992512e+01,-4.176468483000152787e+01
-2.061459717919286661e+01,-4.156912028033980278e+01
-2.072003169477966367e+01,-4.138445296198852219e+01
-2.082030655224717464e+01,-4.121241595825328119e+01
-2.093303278975758275e+01,-4.102488254101421461e+01
-2.105392232222432014e+01,-4.083158776251584499e+01
-2.116401171855448737e+01,-4.066204050211848653e+01
-2.126399483529071688e+01,-4.051227226095429756e+01
-2.137881115708915658e+01,-4.034238952032766434e+01
-2.148992991543605768e+01,-4.017402526476300295e+01
-2.160316797263973143e+01,-3.998454412822154325e+01
-2.169051763062297766e+01,-3.980678628126722174e+01
-2.176490477147857661e+01,-3.960927216464275347e+01
-2.182350453015313363e+01,-3.940028655958745674e+01
-2.187019932868320637e+01,-3.918516903170942101e+01
-2.191206942322277129e+01,-3.894575063852743568e+01
-2.194593687184844200e+01,-3.871360508072179840e+01
-2.197348301046428176e+01,-3.849631807029129504e+01
-2.200312450981949297e+01,-3.823264397020718519e+01
-2.202790826244634914e+01,-3.798920130742817491e+01
-2.204861953620429205e+01,-3.777157757704671326e+01
-2.207252236027469294e+01,-3.750778305228045895e+01
-2.209653281485341481e+01,-3.723392074415497177e+01
-2.211750767352969760e+01,-3.699164121779173087e+01
-2.213904740469476451e+01,-3.674286838840115621e+01
-2.216102952635279877e+01,-3.648827918282753302e+01
-2.218695744820532667e+01,-3.618489547124359973e+01
-2.220918574467628304e+01,-3.592024541468687460e+01
-2.223119888627084961e+01,-3.565212479694791625e+01
-2.225278922623905231e+01,-3.538127440234392651e+01
-2.227030839587201072e+01,-3.515401493326052673e+01
-2.229058429477175451e+01,-3.488008392922787948e+01
-2.230984905958683129e+01,-3.460552203722900089e+01
-2.232789504356726695e+01,-3.433107004158112119e+01
-2.234451459996305545e+01,-3.405746872660147773e+01
-2.235950008202421913e+01,-3.378545887660721547e+01
-2.237058992563806825e+01,-3.356053414333433693e+01
-2.238204083636800945e+01,-3.329335825786252201e+01
-2.239130698281699239e+01,-3.302933214362397507e+01
-2.239920824424036638e+01,-3.272441722214167470e+01
-2.240336619412343211e+01,-3.246490573698307713e+01
-2.240499908262869511e+01,-3.220633381157717423e+01
-2.240400116310760481e+01,-3.194797884684567890e+01
-2.240026668891161776e+01,-3.168911824371033248e+01
-2.239368991339219050e+01,-3.142902940309284787e+01
-2.238416508990077247e+01,-3.116698972591495931e+01
-2.237158647178881310e+01,-3.090227661309836904e+01
-2.235584831240778314e+01,-3.063416746556482195e+01
-2.233684486510911782e+01,-3.036193968423602030e+01
-2.231447038324428078e+01,-3.008487067003370541e+01
-2.229317359485622418e+01,-2.984976034131341649e+01
-2.226437661881988461e+01,-2.956207807215693251e+01
-2.223778025182412321e+01,-2.931797295696611627e+01
-2.220294681533087200e+01,-2.902043331967378847e+01
-2.217164521030573709e+01,-2.876913435664157248e+01
-2.213841998181431592e+01,-2.851524089540531293e+01
-2.209619983121053721e+01,-2.820773838500949182e+01
-2.205921589749683775e+01,-2.794962297951682473e+01
-2.202073858250188820e+01,-2.769026394108600542e+01
-2.198090233690853168e+01,-2.743008341511267290e+01
-2.193984161139958289e+01,-2.716950354699230985e+01
-2.189769085665785653e+01,-2.690894648212055174e+01
-2.185458452336619573e+01,-2.664883436589298427e+01
-2.181065706220742584e+01,-2.638958934370526421e+01
-2.176604292386435446e+01,-2.613163356095285295e+01
-2.172087655901981407e+01,-2.587538916303140013e+01
-2.166613453662190736e+01,-2.557074251359220796e+01
-2.162012080428883110e+01,-2.531948860867285234e+01
-2.157366048723729790e+01,-2.507049722157021066e+01
-2.152665881346365140e+01,-2.482362575167042351e+01
-2.146940877508089685e+01,-2.452997749683392925e+01
-2.142088251906564622e+01,-2.428726789061927249e+01
-2.137151163591651581e+01,-2.404622187964287505e+01
-2.131101822933968037e+01,-2.375896183052135058e+01
-2.125945556904310507e+01,-2.352107377490817441e+01
-2.119605681199067604e+01,-2.323718916003969781e+01
-2.114184367804887899e+01,-2.300176887281839200e+01
-2.107498913472353763e+01,-2.272043146783740397e+01
-2.101766683063875618e+01,-2.248678876203662469e+01
-2.094680606524315181e+01,-2.220717034257739542e+01
-2.088591589451761266e+01,-2.197461503122578463e+01
-2.081050287514305452e+01,-2.169588953220433680e+01
-2.074574022841857612e+01,-2.146380697917900804e+01
-2.066603897918090382e+01,-2.118554551609442527e+01
-2.059823301096141179e+01,-2.095387698385017572e+01
-2.051554010704884945e+01,-2.067615694488472755e+01
-2.044579136919952944e+01,-2.044497676539122111e+01
-2.036142747285024868e+01,-2.016788734890839763e+01
-2.027670876884252138e+01,-1.989117950432970972e+01
-2.020612229068852628e+01,-1.966090025849873868e+01
-2.012177361770316608e+01,-1.938496088841919018e+01
-2.005204577466706084e+01,-1.915535920398900060e+01
-1.996938779494228200e+01,-1.888027750677218819e+01
-1.990161913888925582e+01,-1.865142771571243685e+01
-1.982197251466329391e+01,-1.837729288972200337e+01
-1.974452509074367867e+01,-1.810371213495036713e+01
-1.968190334589956692e+01,-1.787615813128853048e+01
-1.960891740479800305e+01,-1.760350110604230522e+01
-1.953793893344329291e+01,-1.733111778341651288e+01
-1.948005681340223205e+01,-1.710420995821042922e+01
-1.941179794336256492e+01,-1.683185753865140555e+01
-1.934449844137427021e+01,-1.655926512890842872e+01
-1.927778838919189042e+01,-1.628625142563877404e+01
-1.921129786856996091e+01,-1.601263512549970969e+01
-1.914465696126300998e+01,-1.573823492514851452e+01
-1.908874111537630114e+01,-1.550883847745194188e+01
-1.902086373925931184e+01,-1.523253024164120717e+01
-1.895178787476181981e+01,-1.495492441281389517e+01
-1.888114360363836752e+01,-1.467583968762734159e+01
-1.880856100764349748e+01,-1.439509476273881816e+01
-1.874633547886250540e+01,-1.415982408497396605e+01
-1.866933192438732547e+01,-1.387658971366031402e+01
-1.858954516312241267e+01,-1.359341201747432137e+01
-1.850672301347453441e+01,-1.331140198641949723e+01
-1.842061329385049007e+01,-1.303167061049935249e+01
-1.834616191942145136e+01,-1.280110329432870664e+01
-1.825337001653650759e+01,-1.252843494074792119e+01
-1.817299698507547845e+01,-1.230530937687888127e+01
-1.808969878985200097e+01,-1.208659512214012821e+01
-1.800332949244403835e+01,-1.187293511056137518e+01
-1.791374315442961418e+01,-1.166497227617247923e+01
-1.783965974416182831e+01,-1.150313602790608236e+01
-1.774391496823235315e+01,-1.130704830621409585e+01
-1.766471567143760524e+01,-1.115554539060782169e+01
-1.756233961710576352e+01,-1.097341588786923161e+01
-1.743435498642981685e+01,-1.076631759825895429e+01
-1.730099225784405448e+01,-1.057186921100507782e+01
-1.716303164370705048e+01,-1.038916670000853060e+01
-1.699735658311874786e+01,-1.018955692399207180e+01
-1.682783321780584984e+01,-1.000305575810547509e+01
-1.665575920151510658e+01,-9.828113061742890011e+00
-1.648243218799327181e+01,-9.663178694298457216e+00
-1.628447451892899522e+01,-9.484948852435005406e+00
-1.608851219924472886e+01,-9.315452527696065133e+00
-1.592020473650704027e+01,-9.172488414268045176e+00
-1.571032169802610667e+01,-8.993404779560391304e+00
-1.553196297789396851e+01,-8.836228315968090996e+00
-1.536226761618300252e+01,-8.679185935016887399e+00
-1.517973352474530024e+01,-8.502462090295253461e+00
-1.500343729737795151e+01,-8.325721654985482445e+00
-1.483064999523836747e+01,-8.149003660014544792e+00
-1.465864267948387045e+01,-7.972347136309315907e+00
-1.448468641127187873e+01,-7.795791114796764454e+00
-1.430605225175973061e+01,-7.619374626403788930e+00
-1.412001126210478397e+01,-7.443136702057294052e+00
-1.392383476443890089e+01,-7.267116424585731593e+00
-1.373940441142343794e+01,-7.111000216213939851e+00
-1.354631661848523194e+01,-6.955795115011038199e+00
-1.334582790230133220e+01,-6.802159593747153288e+00
-1.313919477954881465e+01,-6.650752125192433972e+00
-1.292767376690472680e+01,-6.502231182117000685e+00
-1.271252138104620322e+01,-6.357255237291046690e+00
-1.249499413865029318e+01,-6.216482763484695084e+00
-1.227634855639403888e+01,-6.080572233468074295e+00
-1.205784115095457842e+01,-5.950182120011367815e+00
-1.184072843900896288e+01,-5.825970895884704071e+00
-1.162591959173088796e+01,-5.708353069462172691e+00
-1.138620560331392007e+01,-5.583067774403724925e+00
-1.117368428347000986e+01,-5.476885048241380005e+00
-1.096058489271439917e+01,-5.374571338827332845e+00
-1.071883862374849983e+01,-5.262888055774622487e+00
-1.050099488836106509e+01,-5.165582556167116479e+00
-1.027926395834949069e+01,-5.069121649040997823e+00
-1.008122822881533054e+01,-4.984650353345884355e+00
-9.849354689681478092e+00,-4.887164491192144133e+00
-9.640815467838137920e+00,-4.800307776029002937e+00
-9.426184545728943931e+00,-4.711385249246057505e+00
-9.204172666933226665e+00,-4.620258557724983284e+00
-9.006867758962547654e+00,-4.540428924792558441e+00
-8.767177494323737719e+00,-4.445325835742849563e+00
-8.552506671261168592e+00,-4.362153654411159209e+00
-8.328328008835267582e+00,-4.277483139065076934e+00
-8.093698684964801160e+00,-4.191342319577080033e+00
-7.847675877568541125e+00,-4.103759225819644030e+00
-7.633273316361396610e+00,-4.029691799234760730e+00
-7.363913737373537494e+00,-3.939537335791039929e+00
-7.128743479101300018e+00,-3.863366355932510654e+00
-6.883260375118258168e+00,-3.786265169080698101e+00
-6.626918810793958059e+00,-3.708249996226583356e+00
-6.359173171498111010e+00,-3.629337058361201240e+00
-6.136538524782042536e+00,-3.565593156210315584e+00
-5.848402701997766684e+00,-3.485343000730412921e+00
-5.610772996374817190e+00,-3.420868793242446859e+00
-5.305848163087948599e+00,-3.340178617676253570e+00
-5.056351101384501057e+00,-3.275730683673137023e+00
-4.802583613777458460e+00,-3.211537279327456584e+00
-4.545163518467960628e+00,-3.147747852364209287e+00
-4.350073079442736912e+00,-3.100260794446065393e+00
-4.087747545700260332e+00,-3.037537936490301238e+00
-3.823468404308262958e+00,-2.975630037160656993e+00
-3.624348649505901854e+00,-2.929823831408882917e+00
-3.358137319773555785e+00,-2.869701718263171220e+00
-3.158277949306222521e+00,-2.825406483521001100e+00
-2.825568655720243072e+00,-2.753284759306158680e+00
-2.494392219642926012e+00,-2.683545590278439086e+00
-2.100702868314529237e+00,-2.603414541535868487e+00
-1.713043581917704561e+00,-2.527639080061047760e+00