-1.621612030043468433e+00,-5.159015273906202292e-01
-1.263719606338344459e+00,-4.702812859998891093e-01
-9.434096623556690320e-01,-4.353877322420606211e-01
-6.527168771296121275e-01,-4.083967703206524691e-01
-3.836759296943432762e-01,-3.864843044391821913e-01
-1.283214990840316483e-01,-3.668262388011669373e-01
1.213117356671531977e-01,-3.465984776101245779e-01
3.720588948645411342e-01,-3.237074062489632142e-01
6.260868815732990589e-01,-2.990766131110157988e-01
8.843574970850998085e-01,-2.744085785116904264e-01
1.147554040022166877e+00,-2.511266030317284570e-01
1.415190869253698525e+00,-2.294821958182398924e-01
1.686475704478757498e+00,-2.094194787882822928e-01
1.960616264189321445e+00,-1.908825726488844743e-01
2.236820266877368901e+00,-1.738155981070753642e-01
2.514295431034877737e+00,-1.581626758698836677e-01
2.792249475153828264e+00,-1.438679266443384230e-01
3.069890117726197243e+00,-1.308754711374684465e-01
3.346425077243962765e+00,-1.191294300563025821e-01
3.621204794686474937e+00,-1.085697800290248843e-01
3.894208320766255227e+00,-9.911824542136984939e-02
4.165587718269144091e+00,-9.069152703420735318e-02
4.435495055179871748e+00,-8.320632551745284211e-02
4.704082399483167976e+00,-7.657934152102165160e-02
4.971501819163759883e+00,-7.072727569482913090e-02
5.237905382206376359e+00,-6.556682868879074033e-02
5.503445156595748955e+00,-6.101470115282180140e-02
5.768273210316606558e+00,-5.698759373683777441e-02
6.032541611353677169e+00,-5.340220709075400862e-02
6.296402427691688786e+00,-5.017524186448584639e-02
6.560007727315372072e+00,-4.722339870794873412e-02
6.823509578209456805e+00,-4.446337827105802110e-02
7.087060048358670095e+00,-4.181188120372912598e-02
7.350811205747743493e+00,-3.918560815587741886e-02
7.614915118361405888e+00,-3.650125977741826289e-02
7.879523854184382614e+00,-3.367553671826708367e-02
8.144789481201407000e+00,-3.062513962833922354e-02
8.410839182989921170e+00,-2.728077679842447201e-02
8.677679419117570347e+00,-2.364111307357551206e-02
8.945280090405107742e+00,-1.972539252307422067e-02
9.213611089649914376e+00,-1.555286373262527479e-02
9.482642309649367718e+00,-1.114277528793334963e-02
9.752343643200850565e+00,-6.514375774703063185e-03
1.002268498310173683e+01,-1.686913778639112125e-03
1.029363622214940577e+01,3.320362114553823771e-03
1.056516725314124550e+01,8.488203319171144096e-03
1.083724796887462638e+01,1.379736124950811660e-02
1.110984826214692944e+01,1.922858731986013328e-02
1.138293802575553926e+01,2.476263294452248076e-02
1.165648715249782974e+01,3.038024953779051851e-02
1.193046553517118369e+01,3.606218851395955743e-02
1.220484306657298035e+01,4.178920128732504374e-02
1.247958963950059896e+01,4.754203927218215997e-02
1.275467514675141167e+01,5.330145388282633845e-02
1.303006948112281016e+01,5.904819653355286579e-02
1.330574253541216478e+01,6.476301863865710495e-02
1.358166420241685834e+01,7.042667161243439111e-02
1.385780437493427009e+01,7.601990686918011497e-02
1.413413294576178636e+01,8.152347582318952846e-02
1.441061980769677220e+01,8.691812988875796675e-02
1.468723485353661395e+01,9.218462048018076505e-02
1.496394797607869442e+01,9.730369901175334180e-02
1.524072906812039463e+01,1.022561168977710599e-01
1.551754802245908849e+01,1.070226255525290882e-01
1.579437473189215169e+01,1.115839763903228588e-01
1.607117908921697236e+01,1.159209208254476930e-01
1.634793098723092442e+01,1.200142102721989540e-01
1.662460031873138888e+01,1.238445961448720045e-01
1.690115697651574678e+01,1.273928298577620966e-01
1.717757085338137557e+01,1.306396628251645931e-01
1.745381184212565628e+01,1.335658464613748708e-01
1.772984983554596994e+01,1.361521321806882789e-01
1.800565472643968690e+01,1.383792713974000277e-01
1.828120135751417408e+01,1.402308979134772315e-01
1.855649377663673150e+01,1.417076520206153045e-01
1.883154670544586651e+01,1.428163894662715094e-01
1.910637488138048923e+01,1.435639751986547696e-01
1.938099304187948846e+01,1.439572741659737032e-01
1.965541592438177432e+01,1.440031513164372334e-01
1.992965826632623205e+01,1.437084715982539784e-01
2.020373480515178599e+01,1.430800999596328893e-01
2.047766027829731783e+01,1.421249013487826951e-01
2.075144942320173413e+01,1.408497407139120972e-01
2.102511697730395213e+01,1.392614830032300743e-01
2.129867767804283929e+01,1.373669931649452447e-01
2.157214626285732706e+01,1.351731361472663928e-01
2.184553746918630068e+01,1.326867768984024420e-01
2.211886603446866673e+01,1.299147803665620937e-01
2.239214669614332820e+01,1.268640114999541046e-01
2.266539419164918456e+01,1.235413352467872455e-01
2.293862325842513528e+01,1.199536165552704120e-01
2.321184863391008690e+01,1.161077203736123747e-01
2.348508505554292469e+01,1.120105116500217934e-01
2.375834726076256942e+01,1.076688553327075915e-01
2.403164998700791699e+01,1.030896163698784285e-01
2.430500797171786331e+01,9.827965970974324172e-02
2.457843595233131140e+01,9.324585030051071866e-02
2.485194866628715715e+01,8.799505309038965772e-02
2.512556085102431069e+01,8.253413302758882963e-02
2.539928724398167148e+01,7.686995506031707448e-02
2.567314258259813897e+01,7.100938413678314909e-02
2.594714160431261973e+01,6.495928520519586580e-02
2.622129904656400612e+01,5.872652321376379408e-02
2.649562964679120114e+01,5.231796311069607242e-02
2.677014814243310425e+01,4.574046984420131190e-02
2.704486927092862203e+01,3.900090836248831794e-02
2.731980776971665748e+01,3.210614361376586817e-02
2.759497837623609939e+01,2.506304054624277494e-02
2.787039582792586501e+01,1.787846410812776732e-02
2.814607045768535087e+01,1.055657651933608263e-02
2.842198081738879623e+01,3.082038420558437953e-03
2.869809151086325016e+01,-4.569048395005879601e-03
2.897436708224909907e+01,-1.242061875927696207e-02
2.925077207568675064e+01,-2.049660750417509059e-02
2.952727103531658770e+01,-2.882094946161996643e-02
2.980382850527901795e+01,-3.741757946353185121e-02
3.008040902971441710e+01,-4.631043234183081919e-02
3.035697715276321063e+01,-5.552344292843700013e-02
3.063349741856576358e+01,-6.508054605527041625e-02
3.090993437126249077e+01,-7.500567655425117997e-02
3.118625255499377502e+01,-8.532276925729935513e-02
3.146241651390002758e+01,-9.605575899633507497e-02
3.173839079212163838e+01,-1.072285806032783478e-01
3.201413993379899381e+01,-1.188651689100495290e-01
3.228962848307249800e+01,-1.309894587485682660e-01
3.256482098408253734e+01,-1.436253849507547753e-01
3.283968198096953728e+01,-1.567968823485292873e-01
3.311417601787384513e+01,-1.705278857738117548e-01
3.338826763893588634e+01,-1.848423300585222973e-01
3.366192138829605796e+01,-1.997641500345810062e-01
3.393510181009474991e+01,-2.153172805339079454e-01
3.420777344847236634e+01,-2.315256563884232899e-01
3.447990084756928297e+01,-2.484132124300469369e-01
3.475144855152590395e+01,-2.660038834906991445e-01
3.502238110448263342e+01,-2.843216044023002542e-01
3.529266305057986841e+01,-3.033903099967697470e-01
3.556225893395799176e+01,-3.232339351060279364e-01
3.583113329875739339e+01,-3.438764145619948587e-01
3.609925068911849166e+01,-3.653416831965907718e-01
3.636657564918165519e+01,-3.876536758417356010e-01
3.663307272308730944e+01,-4.108363273293494933e-01
3.689870645497583723e+01,-4.349135724913526513e-01
3.716348275933103196e+01,-4.599702813090091325e-01
3.742776923633668673e+01,-4.866240573677510506e-01
3.769212040070499370e+01,-5.157678141432194829e-01
3.795709233245173664e+01,-5.482967706759259707e-01
3.822324111159264959e+01,-5.851061460063833319e-01
3.849112281814360159e+01,-6.270911591751048286e-01
3.876129353212031958e+01,-6.751470292226027237e-01
3.903430933353862287e+01,-7.301689751893897240e-01
3.931072630241428101e+01,-7.930522161159785366e-01
3.959090399708527741e+01,-8.646859717480456231e-01
3.987338859868926022e+01,-9.459041041496405455e-01
4.015574709719408020e+01,-1.037510583229435124e+00
4.043553692914971975e+01,-1.140309087255142684e+00
4.071031553110613288e+01,-1.255103294494477328e+00
4.097764033961327357e+01,-1.382696883215146944e+00
4.123506879122113133e+01,-1.523893531684867186e+00
4.148015832247963885e+01,-1.679496918171349940e+00
4.171046636993878565e+01,-1.850310720942307974e+00
4.192396273527045736e+01,-2.036868173387762493e+00
4.212263644861128853e+01,-2.237066544571922666e+00
4.231074367764330191e+01,-2.447316227721133330e+00
4.249256610502295928e+01,-2.664010882361925958e+00
4.267238541340678637e+01,-2.883544168020831577e+00
4.285448328545128049e+01,-3.102309744224381660e+00
4.304233758250757802e+01,-3.317248229104945878e+00
4.323129631352274771e+01,-3.530832182666500341e+00
4.341198689797227672e+01,-3.748746280614426496e+00
4.357561467969814117e+01,-3.976311532707200946e+00
4.371993928870270452e+01,-4.214693915615208120e+00
4.384658145707933130e+01,-4.462611693694774395e+00
4.395721160542295536e+01,-4.718751631705895733e+00
4.405350015432856026e+01,-4.981800494408575197e+00
4.413711752439110114e+01,-5.250445046562810525e+00
4.420973413620553316e+01,-5.523372052928602116e+00
4.427302041036681857e+01,-5.799268278265949483e+00
4.432864676746994803e+01,-6.076820487334861909e+00
4.437819971004188346e+01,-6.354786527322793255e+00
4.442235070113432016e+01,-6.632699325548749414e+00
4.446120837245852897e+01,-6.910568553123791702e+00
4.449487313743311034e+01,-7.188410842427337855e+00
4.452344540947664342e+01,-7.466242825838807384e+00
4.454702560200774286e+01,-7.744081135737626020e+00
4.456571412844503044e+01,-8.021942404503212387e+00
4.457961140220708529e+01,-8.299843264514986885e+00
4.458881783671251497e+01,-8.577800348152370802e+00
4.459343384537992705e+01,-8.855830287794791644e+00
4.459355984162792197e+01,-9.133949715821660931e+00
4.458929623887509308e+01,-9.412175264612397285e+00
4.458074345054004795e+01,-9.690523566546433543e+00
4.456800189004142254e+01,-9.969011254003186551e+00
4.455117197079775337e+01,-1.024765495936207316e+01
4.453035410622768353e+01,-1.052647131500252087e+01
4.450564870974981346e+01,-1.080547695330393765e+01
4.447715619478275073e+01,-1.108468850664576877e+01
4.444496738876301123e+01,-1.136411146715007270e+01
4.440905571144037367e+01,-1.164361488271933531e+01
4.436931590067795383e+01,-1.192297636185438670e+01
4.432564124457532273e+01,-1.220197182822721160e+01
4.427792503123198742e+01,-1.248037720550973795e+01
4.422606054874749759e+01,-1.275796841737395582e+01
4.416994108522138163e+01,-1.303452138749180023e+01
4.410945992875317501e+01,-1.330981203953524883e+01
4.404451036744240611e+01,-1.358361629717625263e+01
4.397498568938863883e+01,-1.385571008408676086e+01
4.390077918269138024e+01,-1.412586932393875472e+01
4.382178413545018714e+01,-1.439386994040417633e+01
4.373789383576458079e+01,-1.465948785715499980e+01
4.364900157173408246e+01,-1.492249899786316014e+01
4.355500063145825607e+01,-1.518267928620065099e+01
4.345578430303663708e+01,-1.543980464583940382e+01
4.335124587456873968e+01,-1.569365100045139982e+01
4.324127863415411355e+01,-1.594399427370857403e+01
4.312578469017538652e+01,-1.619061998597234719e+01
4.300478806405548227e+01,-1.643344630205248436e+01
4.287840173108244102e+01,-1.667248817079711287e+01
4.274674068902134394e+01,-1.690776274156020875e+01
4.260991993563726510e+01,-1.713928716369568406e+01
4.246805446869530698e+01,-1.736707858655751835e+01
4.232125928596055076e+01,-1.759115415949962724e+01
4.216964938519805628e+01,-1.781153103187598319e+01
4.201333976417294735e+01,-1.802822635304051246e+01
4.185244542065028384e+01,-1.824125727234718397e+01
4.168708135239516821e+01,-1.845064093914992043e+01
4.151736255717266744e+01,-1.865639450280268363e+01
4.134340403274788400e+01,-1.885853511265942828e+01
4.116532077688590618e+01,-1.905707991807407353e+01
4.098322778735179384e+01,-1.925204606840058474e+01
4.079724006191063523e+01,-1.944345071299290240e+01
4.060747259832753997e+01,-1.963131100120498473e+01
4.041404039436758922e+01,-1.981564408239075803e+01
4.021705844779584993e+01,-1.999646710590418763e+01
4.001664175637741749e+01,-2.017379722109920692e+01
3.981290531787737308e+01,-2.034765157732977769e+01
3.960596413006080496e+01,-2.051804732394983333e+01
3.939593319069280852e+01,-2.068500161031331785e+01
3.918292749753845072e+01,-2.084853158577419308e+01
3.896706204836283405e+01,-2.100865439968638171e+01
3.874845184093102546e+01,-2.116538720140386332e+01
3.852721187300813455e+01,-2.131874714028055706e+01
3.830345714235922117e+01,-2.146875136567042475e+01
3.807730264674938780e+01,-2.161541702692739619e+01
3.784886338394369432e+01,-2.175876127340543675e+01
3.761825435170726450e+01,-2.189880125445847980e+01
3.738559054780515822e+01,-2.203555411944048359e+01
3.715098697000246375e+01,-2.216903701770538504e+01
3.691455861606428357e+01,-2.229926709860713174e+01
3.667642048375567754e+01,-2.242626151149968194e+01
3.643668757084174104e+01,-2.255003740573695836e+01
3.619547306203512704e+01,-2.267061436282931197e+01
3.595285767608062599e+01,-2.278805551642549432e+01
3.570889409314074214e+01,-2.290246161310559003e+01
3.546363407177340576e+01,-2.301393463575499609e+01
3.521712937053652581e+01,-2.312257656725914146e+01
3.496943174798806098e+01,-2.322848939050345152e+01
3.472059296268591311e+01,-2.333177508837334102e+01
3.447066477318801248e+01,-2.343253564375423181e+01
3.421969893805231067e+01,-2.353087303953154219e+01
3.396774721583668821e+01,-2.362688925859068689e+01
3.371486136509913223e+01,-2.372068628381709487e+01
3.346109314439751614e+01,-2.381236609809619154e+01
3.320649431228979864e+01,-2.390203068431337741e+01
3.295111662733389579e+01,-2.398978202535408855e+01
3.269501184808774497e+01,-2.407572210410373970e+01
3.243823173310925512e+01,-2.415995290344775626e+01
3.218082804095637073e+01,-2.424257640627154586e+01
3.192285253018701496e+01,-2.432369459546054458e+01
3.166435695935910744e+01,-2.440340945390016003e+01
3.140539308703058907e+01,-2.448182296447581408e+01
3.114601267175936883e+01,-2.455903711007293566e+01
3.088626747210339119e+01,-2.463515387357692532e+01
3.062620924662056865e+01,-2.471027523787322622e+01
3.036588975386885281e+01,-2.478450318584724954e+01
3.010536075240613130e+01,-2.485793970038440648e+01
2.984467400079038057e+01,-2.493068676437013309e+01
2.958388125757948472e+01,-2.500284636068983701e+01
2.932303428133139533e+01,-2.507452047222893299e+01
2.906218483060402846e+01,-2.514581108187286063e+01
2.880138466395531083e+01,-2.521682017250702756e+01
2.854068553994318336e+01,-2.528764972701685210e+01
2.828013921712557277e+01,-2.535840172828777028e+01
2.801979745406039513e+01,-2.542917815920517910e+01
2.775969973568217597e+01,-2.550007429652252355e+01
2.749959967749041923e+01,-2.557102922202920681e+01
2.723896302460091334e+01,-2.564182472926099621e+01
2.697724284831023667e+01,-2.571223568696036921e+01
2.671389221991491780e+01,-2.578203696386979260e+01
2.644836421071154220e+01,-2.585100342873175805e+01
2.618011189199667399e+01,-2.591890995028872879e+01
2.590858833506685599e+01,-2.598553139728320360e+01
2.563324661121867365e+01,-2.605064263845764572e+01
2.535356894849481790e+01,-2.611400113314154225e+01
2.506977101040740763e+01,-2.617492640836070805e+01
2.478283859900191644e+01,-2.623227814353867871e+01
2.449379401917020971e+01,-2.628489422234974882e+01
2.420365957580406757e+01,-2.633161252846820588e+01
2.391345757379533410e+01,-2.637127094556831963e+01
2.362421031803581428e+01,-2.640270735732439533e+01
2.333694011341733443e+01,-2.642475964741070271e+01
2.305266926483173862e+01,-2.643626569950154348e+01
2.277239416162838737e+01,-2.643610208251972082e+01
2.249640528564755471e+01,-2.642419910398880845e+01
2.222422018566830459e+01,-2.640164086196701021e+01
2.195531705523154642e+01,-2.636957020177489852e+01
2.168917408787814338e+01,-2.632912996873306710e+01
2.142526947714898355e+01,-2.628146300816206704e+01
2.116308141658493724e+01,-2.622771216538248140e+01
2.090208809972691029e+01,-2.616902028571489680e+01
2.064176772011573746e+01,-2.610653021447987854e+01
2.038161431750205210e+01,-2.604135376173735850e+01
2.012159064943793751e+01,-2.597368474015958029e+01
1.986219466622618768e+01,-2.590266877191789163e+01
1.960395353272061314e+01,-2.582739426163959351e+01
1.934739441377495694e+01,-2.574694961395195492e+01
1.909304447424301543e+01,-2.566042323348226617e+01
1.884143087897854940e+01,-2.556690352485780338e+01
1.859308079283535164e+01,-2.546547889270584974e+01
1.834852138066719007e+01,-2.535523774165368494e+01
1.810826930671241541e+01,-2.523529067924203417e+01
1.787250290460997348e+01,-2.510546369251068555e+01
1.764099763293846479e+01,-2.496643462334027319e+01
1.741350541727660328e+01,-2.481893107271006826e+01
1.718977818320308870e+01,-2.466368064159930285e+01
1.696956785629665276e+01,-2.450141093098725165e+01
1.675262636213598455e+01,-2.433284954185315385e+01
1.653870562629982288e+01,-2.415872407517627352e+01
1.632755757436686039e+01,-2.397976213193587114e+01
1.611893413191583235e+01,-2.379669131311120012e+01
1.591258722452541896e+01,-2.361023921968149963e+01
1.570826877777436081e+01,-2.342113345262605151e+01
1.550573071724135588e+01,-2.323010161292408071e+01
1.530472496850511988e+01,-2.303787130155486551e+01
1.510500345714437920e+01,-2.284517011949766641e+01
1.490631810873782648e+01,-2.265272566773172258e+01
1.470842084886418988e+01,-2.246126554723629809e+01
1.451106360310216736e+01,-2.227151735899063922e+01
1.431399975261965629e+01,-2.208419817730282730e+01
1.411703890867282851e+01,-2.189961842626336619e+01
1.392006352213880049e+01,-2.171756176131317773e+01
1.372296089129726582e+01,-2.153777678197588941e+01
1.352561831442794471e+01,-2.136001208777511451e+01
1.332792308981052720e+01,-2.118401627823448052e+01
1.312976251572473352e+01,-2.100953795287759718e+01
1.293102389045027323e+01,-2.083632571122810617e+01
1.273159451226684702e+01,-2.066412815280962079e+01
1.253136167945416801e+01,-2.049269387714576141e+01
1.233021269029193867e+01,-2.032177148376015552e+01
1.212803484305987389e+01,-2.015110957217641996e+01
1.192471543603766726e+01,-1.998045674191817511e+01
1.172014176750504078e+01,-1.980956159250904847e+01
1.151420113574168980e+01,-1.963817272347265330e+01
1.130678083902733810e+01,-1.946603873433262777e+01
1.109776817564167750e+01,-1.929290822461258870e+01
1.088705044386441756e+01,-1.911852979383614226e+01
1.067451468396567371e+01,-1.894266358533066352e+01
1.046003579149810214e+01,-1.876561311844959690e+01
1.024347153999447713e+01,-1.858844798184309965e+01
1.002467841255703007e+01,-1.841229550029313344e+01
9.803512892288022584e+00,-1.823828299858168123e+01
9.579831462289680744e+00,-1.806753780149070110e+01
9.353490605664262603e+00,-1.790118723380217602e+01
9.124346805513997793e+00,-1.774035862029806765e+01
8.892256544941139040e+00,-1.758617928576034828e+01
8.657080094761347766e+00,-1.743976082990449328e+01
8.418875931922872979e+00,-1.730139198010000356e+01
8.177994117163548182e+00,-1.717015092480034966e+01
7.934808051251462047e+00,-1.704501895401671874e+01
7.689691134954746765e+00,-1.692497735776036549e+01
7.443016769041497227e+00,-1.680900742604249132e+01
7.195158354279844737e+00,-1.669609044887432248e+01
6.946489291437882407e+00,-1.658520771626708523e+01
6.697382981283743320e+00,-1.647534051823199164e+01
6.448206573348354453e+00,-1.636548612283716153e+01
6.198961593226866462e+00,-1.625557632677215736e+01
5.949088217557295444e+00,-1.614697772520573338e+01
5.697978956903630099e+00,-1.604117874698888713e+01
5.445026321829901761e+00,-1.593966782097263035e+01
5.189622822900100019e+00,-1.584393337600797125e+01
4.931160970678254429e+00,-1.575546384094591268e+01
4.669033275728354582e+00,-1.567574764463746106e+01
4.402632248614431809e+00,-1.560627321593363348e+01
4.131359883517462528e+00,-1.554851872813694769e+01
3.855241863943300373e+00,-1.550328789921124439e+01
3.575303412030674366e+00,-1.547030354972425847e+01
3.292659685473067643e+00,-1.544919124426611923e+01
3.008425841963901615e+00,-1.543957654742694707e+01
2.723717039196687395e+00,-1.544108502379687131e+01
2.439648434864857940e+00,-1.545334223796601059e+01
2.157335186661872406e+00,-1.547597375452449064e+01
1.877892452281169522e+00,-1.550860513806244256e+01
1.602426367875132041e+00,-1.555085698946007611e+01
1.331371494136105005e+00,-1.560198040446345225e+01
1.064038699142111799e+00,-1.566060821592046004e+01
7.996318257280624620e-01,-1.572531437070239591e+01
5.373547167289357551e-01,-1.579467281568056869e+01
2.764112149796422169e-01,-1.586725749772628014e+01
1.600516331509288515e-02,-1.594164236371084797e+01
-2.446595954297349218e-01,-1.601640136050555441e+01
-5.063792184199304991e-01,-1.609010843498171894e+01
-7.699388622974602248e-01,-1.616135426606477310e+01
-1.035189811151658867e+00,-1.623014997477715937e+01
-1.300351584412615003e+00,-1.629898863453161084e+01
-1.563479344973971452e+00,-1.637061330889499544e+01
-1.822628255729350499e+00,-1.644776706143420597e+01
-2.075853479572393745e+00,-1.653319295571611036e+01
-2.321210179396679507e+00,-1.662963405530757299e+01
-2.556753518095850719e+00,-1.673983342377548311e+01
-2.780538658563546317e+00,-1.686653412468671576e+01
-2.990630256403887355e+00,-1.701246073465573616e+01
-3.186019737034959665e+00,-1.717853295598110464e+01
-3.367389986259776702e+00,-1.736237638992429311e+01
-3.535603899799696581e+00,-1.756126607035308496e+01
-3.691524373376034340e+00,-1.777247703113521737e+01
-3.836014302710149870e+00,-1.799328430613849150e+01
-3.969954140498521244e+00,-1.822097155810638469e+01
-4.096115652865709222e+00,-1.845375198965923147e+01
-4.220824686787287838e+00,-1.869158555772436969e+01
-4.350764169056978936e+00,-1.893462222776636850e+01
-4.488637092975931608e+00,-1.918270077780203309e+01
-4.629557262174675891e+00,-1.943506659388095414e+01
-4.767785815528665871e+00,-1.969089839295656574e+01
-4.897583891913345866e+00,-1.994937489198229486e+01
-5.013212630204164633e+00,-2.020967480791158266e+01
-5.108955858858007737e+00,-2.047097910263162746e+01
-5.181955281217859088e+00,-2.073275149952605645e+01
-5.234964544211617721e+00,-2.099501097426514562e+01
-5.271390741706023952e+00,-2.125784115532647434e+01
-5.294640967567810108e+00,-2.152132567118754380e+01
-5.308122315663712953e+00,-2.178554815032592984e+01
-5.315241879860470142e+00,-2.205059222121919760e+01
-5.319406754024818440e+00,-2.231654151234486960e+01
-5.324024032023494613e+00,-2.258347965218050390e+01
-5.332491437071222862e+00,-2.285148991049799250e+01
-5.346810178952198456e+00,-2.312060209896582208e+01
-5.366115036421989615e+00,-2.339073630315672148e+01
-5.389188861777114425e+00,-2.366179913700717563e+01
-5.414814507314090974e+00,-2.393369721445363396e+01
-5.441774825329444454e+00,-2.420633714943258497e+01
-5.468852668119685845e+00,-2.447962555588043188e+01
-5.494830887981336787e+00,-2.475346904773365608e+01
-5.518492337210917142e+00,-2.502777423892874609e+01
-5.538620842914709463e+00,-2.530244767636214576e+01
-5.554174495939920853e+00,-2.557738392240336012e+01
-5.564485373082497688e+00,-2.585245181952925009e+01
-5.568933934038957645e+00,-2.612751688281092655e+01
-5.566900638505801524e+00,-2.640244462731939379e+01
-5.557765946179546113e+00,-2.667710056812577335e+01
-5.540910316756701093e+00,-2.695135022030114413e+01
-5.515714209933770817e+00,-2.722505909891658504e+01
-5.481558085407273850e+00,-2.749809271904314301e+01
-5.437826857642383160e+00,-2.777031684428602887e+01
-5.384876093272904285e+00,-2.804165139149663233e+01
-5.325240042996695955e+00,-2.831213782757085440e+01
-5.261749777922166693e+00,-2.858183417918714397e+01
-5.197236369157731239e+00,-2.885079847302394285e+01
-5.134530887811798117e+00,-2.911908873575968215e+01
-5.076464404992789170e+00,-2.938676299407275394e+01
-5.025867991809112922e+00,-2.965387927464159290e+01
-4.985572719369181449e+00,-2.992049560414465859e+01
-4.958405930934399741e+00,-3.018666985522620649e+01
-4.946186121168578254e+00,-3.045241821504889757e+01
-4.948362737959481450e+00,-3.071765898209689993e+01
-4.964045529135917789e+00,-3.098229641849590621e+01
-4.992344242526689513e+00,-3.124623478637153795e+01
-5.032368625960605968e+00,-3.150937834784949487e+01
-5.083228427266474725e+00,-3.177163136505544472e+01
-5.144033394273105131e+00,-3.203289810011506944e+01
-5.213893274809297651e+00,-3.229308281515402967e+01
-5.291917816703863409e+00,-3.255208977229798251e+01
-5.377216767785610863e+00,-3.280982323367262410e+01
-5.468899875883338701e+00,-3.306618746140360088e+01
-5.566076888825858937e+00,-3.332108671761659480e+01
-5.667857554441978252e+00,-3.357442526443726649e+01
-5.773351620560510433e+00,-3.382610736399131923e+01
-5.881668835010247953e+00,-3.407603727840439234e+01
-5.991918945620004600e+00,-3.432411926980215355e+01
-6.103211700218588831e+00,-3.457025760031029904e+01
-6.214657396536123812e+00,-3.481435680534423227e+01
-6.325613090670549887e+00,-3.505644405419693754e+01
-6.436070685653140444e+00,-3.529686202214325164e+01
-6.546122778153351973e+00,-3.553600342714309335e+01
-6.655861964840603662e+00,-3.577426098715636016e+01
-6.765380842384345783e+00,-3.601202742014296376e+01
-6.874772007454017064e+00,-3.624969544406283717e+01
-6.984128056719071331e+00,-3.648765777687591338e+01
-7.093541586848926883e+00,-3.672630713654206147e+01
-7.203105194513038434e+00,-3.696603624102122865e+01
-7.312911476380842934e+00,-3.720723780827332661e+01
-7.423053029121795099e+00,-3.745030455625830257e+01
-7.533622449405310562e+00,-3.769562920293600428e+01
-7.644712333900844037e+00,-3.794360446626639316e+01
-7.756415279277842245e+00,-3.819462306420938802e+01
-7.868821937153928303e+00,-3.844907745950192890e+01
-7.980550249115081485e+00,-3.870716687097580433e+01
-8.086125702692099182e+00,-3.896855351982830484e+01
-8.179368639153377529e+00,-3.923280710040856434e+01
-8.254099399767277134e+00,-3.949949730706565987e+01
-8.304138325802199461e+00,-3.976819383414873954e+01
-8.323309719813067886e+00,-4.003846612327597398e+01
-8.309271220616881948e+00,-4.030963904838283440e+01
-8.270668981375195017e+00,-4.058033641381248913e+01
-8.218103565134461164e+00,-4.084905752158609715e+01
-8.159753141660612386e+00,-4.111466551327004026e+01
-8.096742829622430193e+00,-4.137708288727576189e+01
-8.028921153984216019e+00,-4.163642388432040775e+01
-7.956136639710273073e+00,-4.189280274512110225e+01
-7.878237811764910781e+00,-4.214633371039501952e+01
-7.795073195112444786e+00,-4.239713102085924845e+01
-7.706491314717180963e+00,-4.264530891723093475e+01
-7.612340695543426961e+00,-4.289098164022721704e+01
-7.512469904846946989e+00,-4.313426342832599403e+01
-7.406800420372032789e+00,-4.337526465950772092e+01
-7.295476215268979381e+00,-4.361408393096611036e+01
-7.178683554154722479e+00,-4.385081760062721656e+01
-7.056608701646227111e+00,-4.408556202641705823e+01
-6.929437922360434321e+00,-4.431841356626171091e+01
-6.797357480914294037e+00,-4.454946857808725724e+01
-6.660553641924735757e+00,-4.477882341981973724e+01
-6.519212670008734278e+00,-4.500657444938517671e+01
-6.373520829783221764e+00,-4.523281802470966539e+01
-6.223664385865153470e+00,-4.545765050371925753e+01
-6.069829602871457119e+00,-4.568116824434003576e+01
-5.912202745419109284e+00,-4.590346760449801877e+01
-5.750970078125043017e+00,-4.612464494211925370e+01
-5.586317865606191368e+00,-4.634479661512984450e+01
-5.418432372479531800e+00,-4.656401898145580276e+01
-5.247499863361997363e+00,-4.678240839902321113e+01
-5.073706602870534432e+00,-4.700006122575811673e+01
-4.897238843015600196e+00,-4.721707379005035676e+01
-4.718209365256773147e+00,-4.743337028307038139e+01
-4.536484456598871340e+00,-4.764829737384575736e+01
-4.351878767914847401e+00,-4.786108075095605585e+01
-4.164206950077645075e+00,-4.807094610298097592e+01
-3.973283653960246298e+00,-4.827711911850004611e+01
-3.778923530435596145e+00,-4.847882548609294417e+01
-3.580941230376630369e+00,-4.867529089433929812e+01
-3.379151404656339341e+00,-4.886574103181869333e+01
-3.173368704147661923e+00,-4.904940158711077203e+01
-2.963407779723554736e+00,-4.922549824879514091e+01
-2.749083282256952643e+00,-4.939325670545147062e+01
-2.530209862620850014e+00,-4.955190264565931813e+01
-2.306602171688183933e+00,-4.970066175799833985e+01
-2.078074860331909246e+00,-4.983875973104814960e+01
-1.844442579424962370e+00,-4.996542225338837540e+01
-1.605519979840338340e+00,-5.007987501359863103e+01
-1.361121712450973575e+00,-5.018134370025853741e+01
-1.111062431705994502e+00,-5.026905401159335440e+01
-8.553592728518601973e-01,-5.034277777215125838e+01
-5.947769136593731298e-01,-5.040430306014807371e+01
-3.302525064415215983e-01,-5.045588314797497276e+01
-6.272320351127194660e-02,-5.049977130802314917e+01
2.068738428183411471e-01,-5.053822081268379662e+01
4.776014802343515053e-01,-5.057348493434809455e+01
7.485225564237703022e-01,-5.060781694540725084e+01
1.018699919073631666e+00,-5.064347011825244493e+01
1.287196416194503756e+00,-5.068269772432901021e+01
1.553347985914516061e+00,-5.072695480586341432e+01
1.817548438835842717e+00,-5.077460429495281602e+01
2.080447702212274930e+00,-5.082326050709600196e+01
2.342695703297669851e+00,-5.087053775779173748e+01
2.604942369345863096e+00,-5.091405036253880212e+01
2.867837627610714257e+00,-5.095141263683600386e+01
3.131907514764792122e+00,-5.098071074353520515e+01
3.397182505155841969e+00,-5.100191823490058596e+01
3.663569182550362680e+00,-5.101548051054936650e+01
3.930974130714878889e+00,-5.102184297009880254e+01
4.199303933415845513e+00,-5.102145101316615694e+01
4.468465174419784525e+00,-5.101475003936864994e+01
4.738364437493221892e+00,-5.100218544832355860e+01
5.008908306402610755e+00,-5.098420263964811028e+01
5.280003364914471753e+00,-5.096124701295954651e+01
5.551556196795312204e+00,-5.093376396787516569e+01
5.823473385811649194e+00,-5.090219890401214542e+01
6.095661515729938529e+00,-5.086699722098778409e+01
6.368027170316705288e+00,-5.082860431841930193e+01
6.640476933338472776e+00,-5.078746559592396181e+01
6.912917388561695020e+00,-5.074402645311900528e+01
7.185255119752894437e+00,-5.069873228962167389e+01
7.457396710678573903e+00,-5.065202850504923049e+01
7.729248745105252283e+00,-5.060436049901890243e+01
8.000743158622340090e+00,-5.055615947479054029e+01
8.271923546887405720e+00,-5.050779410890788768e+01
8.542864237725938281e+00,-5.045961586870485860e+01
8.813639559886933483e+00,-5.041197622099828379e+01
9.084323842119321313e+00,-5.036522663260497978e+01
9.354991413172085046e+00,-5.031971857034173468e+01
9.625716601794222171e+00,-5.027580350102535078e+01
9.896573736734660898e+00,-5.023383289147266595e+01
1.016763714674239161e+01,-5.019415820850047538e+01
1.043898116056638514e+01,-5.015713091892559561e+01
1.071068010695563189e+01,-5.012310248956481473e+01
1.098280831465906004e+01,-5.009242438723497060e+01
1.125544011242566356e+01,-5.006544807875286551e+01
1.152864982900440971e+01,-5.004252503093529469e+01
1.180251179314429599e+01,-5.002400671059908177e+01
1.207710033359424173e+01,-5.001024458456102195e+01
1.235248977910324264e+01,-5.000159011963793887e+01
1.262875445842029265e+01,-4.999839478264662773e+01
1.290592811107287829e+01,-5.000094672072060575e+01
1.318384756237194466e+01,-5.000922689240007202e+01
1.346229000626745176e+01,-5.002312323057071808e+01
1.374103262362237565e+01,-5.004252364770231765e+01
1.401985259529961603e+01,-5.006731605626463733e+01
1.429852710216214895e+01,-5.009738836872747925e+01
1.457683332507292917e+01,-5.013262849756062423e+01
1.485454844489492920e+01,-5.017292435523383176e+01
1.513144964249105051e+01,-5.021816385421691109e+01
1.540728207222233515e+01,-5.026834815003653034e+01
1.568162778363513077e+01,-5.032405512332813657e+01
1.595401703383565817e+01,-5.038604578850326732e+01
1.622398005868810600e+01,-5.045508123508392373e+01
1.649104709405661140e+01,-5.053192255259202881e+01
1.675474837580534171e+01,-5.061733083054954818e+01
1.701461413979841097e+01,-5.071206715847845459e+01
1.727017462189999009e+01,-5.081689262590069944e+01
1.752096005797422151e+01,-5.093256832233824127e+01
1.776660742180118291e+01,-5.105960202685273686e+01
1.800732445531535220e+01,-5.119714697131681191e+01
1.824350889564387401e+01,-5.134390549094387524e+01
1.847555860888014578e+01,-5.149857961488454094e+01
1.870387146111751875e+01,-5.165987137228935921e+01
1.892884531844942231e+01,-5.182648279230900812e+01
1.915087804696920415e+01,-5.199711590409403072e+01
1.937036751277031144e+01,-5.217047273679509800e+01
1.958771158194606699e+01,-5.234525531956275302e+01
1.980322311114108302e+01,-5.252036688175137158e+01
2.001673753377618681e+01,-5.269584061710452971e+01
2.022792373448331205e+01,-5.287210390672655791e+01
2.043645042578642190e+01,-5.304958453906639448e+01
2.064198632020954705e+01,-5.322871030257306302e+01
2.084420013027671814e+01,-5.340990898569557288e+01
2.104276056851190191e+01,-5.359360837688286949e+01
2.123733634743912901e+01,-5.378023626458394801e+01
2.142759617958240881e+01,-5.397022043724781781e+01
2.161327595960617742e+01,-5.416391566578905525e+01
2.179450796618392872e+01,-5.436124590747365914e+01
2.197156934664302597e+01,-5.456197766772336166e+01
2.214473746276015831e+01,-5.476587721888357407e+01
2.231428967631202909e+01,-5.497271083329969343e+01
2.248050334907531322e+01,-5.518224478331716654e+01
2.264365584282671051e+01,-5.539424534128136912e+01
2.280402451934294561e+01,-5.560847877953776219e+01
2.296188674040066857e+01,-5.582471137043170728e+01
2.311751986777659340e+01,-5.604270938630862986e+01
2.327120126324742344e+01,-5.626223909951399094e+01
2.342320828858986204e+01,-5.648306678239318046e+01
2.357381830558057345e+01,-5.670495870729158838e+01
2.372330867599626458e+01,-5.692768114655464728e+01
2.387195676161364233e+01,-5.715100037252776133e+01
2.402003992420941003e+01,-5.737468265755639152e+01
2.416783552556023196e+01,-5.759849427398589938e+01
2.431562092744281856e+01,-5.782220149416171751e+01
2.446362362115031885e+01,-5.804560820994093717e+01
2.461174598998000107e+01,-5.826876355652258610e+01
2.475976012778748370e+01,-5.849181495219456650e+01
2.490743778048518919e+01,-5.871491007771385995e+01
2.505455069398554713e+01,-5.893819661383741249e+01
2.520087061420091601e+01,-5.916182224132207779e+01
2.534616928704373251e+01,-5.938593464092486585e+01
2.549021845842639777e+01,-5.961068149340266586e+01
2.563278987426133071e+01,-5.983621047951243099e+01
2.577365528046092180e+01,-6.006266928001105754e+01
2.591258642293759351e+01,-6.029020557565551286e+01
2.604935504760374698e+01,-6.051896704720271458e+01
2.618373290037177981e+01,-6.074910137540957322e+01
2.631549172715411089e+01,-6.098075624103303483e+01
2.644440327386314493e+01,-6.121407932483002412e+01
2.657023928641130084e+01,-6.144921830755750136e+01
2.669277151071096199e+01,-6.168632086997234865e+01
2.681177169267455795e+01,-6.192553469283153333e+01
2.692701887996514643e+01,-6.216699042037018330e+01
2.703834480614455771e+01,-6.241069576952817499e+01
2.714560432754668184e+01,-6.265660450694922901e+01
2.724865239945265927e+01,-6.290467016841235193e+01
2.734734397714366949e+01,-6.315484628969664271e+01
2.744153401590081032e+01,-6.340708640658102979e+01
2.753107747100526836e+01,-6.366134405484461212e+01
2.761582929773816986e+01,-6.391757277026638917e+01
2.769564445138066944e+01,-6.417572608862539596e+01
2.777037788721389688e+01,-6.443575754570061065e+01
2.783988456051901039e+01,-6.469762067727111798e+01
2.790401942657717171e+01,-6.496126901911591744e+01
2.796263744066949286e+01,-6.522665610701405114e+01
2.801559355807713558e+01,-6.549373547674450435e+01
2.806274273408125808e+01,-6.576246066408633340e+01
2.810393992396299012e+01,-6.603278520481855196e+01
2.813904008300347215e+01,-6.630466263472017374e+01
2.816789816648387301e+01,-6.657804648957025506e+01
2.819031393708706545e+01,-6.685284286234043805e+01
2.820564541995462449e+01,-6.712857813441564758e+01
2.821303859352891052e+01,-6.740459641471991858e+01
2.821163809495602592e+01,-6.768024065921738952e+01
2.820058856138209435e+01,-6.795485382387219886e+01
2.817903462995322883e+01,-6.822777886464844244e+01
2.814612093781556723e+01,-6.849835873751025872e+01
2.810099212211520836e+01,-6.876593639842170091e+01
2.804279281999826523e+01,-6.902985480334693591e+01
2.797066766861088638e+01,-6.928945690825007375e+01
2.788376130509915640e+01,-6.954408566909518186e+01
2.778121836660922028e+01,-6.979308404184642711e+01
2.766218349028717327e+01,-7.003579498246791957e+01
2.752580131327915325e+01,-7.027156144692375506e+01
2.737121647273127323e+01,-7.049972639117802942e+01
2.719776927528546295e+01,-7.071956461341574141e+01
2.700651069403561877e+01,-7.092975503342115928e+01
2.679937575254557913e+01,-7.112866862866782469e+01
2.657830687780258216e+01,-7.131467379778624149e+01
2.634524649679390507e+01,-7.148613893940708408e+01
2.610213703650685702e+01,-7.164143245216084210e+01
2.585092092392870455e+01,-7.177892273467810469e+01
2.559354058604671778e+01,-7.189697818558944675e+01
2.533193844984817034e+01,-7.199396720352545742e+01
2.506794347629863751e+01,-7.206857338060073914e+01
2.480233763399584390e+01,-7.212238871417041253e+01
2.453533753443399590e+01,-7.215857568826450574e+01
2.426715427323591001e+01,-7.218031210926892527e+01
2.399799894602431394e+01,-7.219077578356949232e+01
2.372808264842195669e+01,-7.219314451755209916e+01
2.345761647605156952e+01,-7.219059611760259543e+01
2.318681152453596184e+01,-7.218630839010681655e+01
2.291587888949786844e+01,-7.218345914145065478e+01
2.264501706995988073e+01,-7.218491651756100680e+01
2.237430178876600806e+01,-7.219053047474382367e+01
2.210373951405468418e+01,-7.219844849056603664e+01
2.183333593455324007e+01,-7.220679888244188760e+01
2.156309673898899604e+01,-7.221370996778554741e+01
2.129302761608932926e+01,-7.221731006401120112e+01
2.102313425458158846e+01,-7.221572748853310486e+01
2.075342234319310109e+01,-7.220709055876541527e+01
2.048389757065119454e+01,-7.218952759212234582e+01
2.021456482022281520e+01,-7.216135431434537395e+01
1.994542067544589514e+01,-7.212281756813018774e+01
1.967645683052334249e+01,-7.207530180895398075e+01
1.940766491673725369e+01,-7.202020613222667578e+01
1.913903656536976428e+01,-7.195892963335811032e+01
1.887056340770295648e+01,-7.189287140775819296e+01
1.860223707501891610e+01,-7.182343055083677541e+01
1.833404919859978222e+01,-7.175200615800373782e+01
1.806599140972764062e+01,-7.167999732466896035e+01
1.779805450963510438e+01,-7.160872342671487445e+01
1.753022024872620932e+01,-7.153863458127729302e+01
1.726246481033381031e+01,-7.146964623340561218e+01
1.699476429650198739e+01,-7.140166602102934235e+01
1.672709480927486325e+01,-7.133460158207810764e+01
1.645943245069652150e+01,-7.126836055448144691e+01
1.619175332281112389e+01,-7.120285057616895585e+01
1.592403352766275759e+01,-7.113797928507018753e+01
1.565624916729551508e+01,-7.107365431911470921e+01
1.538837634375355101e+01,-7.100978331623214501e+01
1.512039115908096143e+01,-7.094627391435200536e+01
1.485226971532185480e+01,-7.088303375140388596e+01
1.458398811452032184e+01,-7.081997046531735407e+01
1.431552245872052076e+01,-7.075699169402197697e+01
1.404684884996654759e+01,-7.069400507544739298e+01
1.377794339030250370e+01,-7.063091824752308412e+01
1.350878218177249224e+01,-7.056763884817867449e+01
1.323934132642066253e+01,-7.050407451534371717e+01
1.296960134135966847e+01,-7.044013930236771159e+01
1.269959681880716218e+01,-7.037582583771209954e+01
1.242939858993077706e+01,-7.031117940770261043e+01
1.215907815362368360e+01,-7.024624626891956325e+01
1.188870700877908071e+01,-7.018107267794323434e+01
1.161835665429014419e+01,-7.011570489135390005e+01
1.134809858905011026e+01,-7.005018916573186516e+01
1.107800431195215296e+01,-6.998457175765740601e+01
1.080814532188947652e+01,-6.991889892371082738e+01
1.053859311775524610e+01,-6.985321692047239139e+01
1.026941919844270323e+01,-6.978757200452240284e+01
1.000069506284502552e+01,-6.972201043244109542e+01
9.732492209855410081e+00,-6.965657846080884497e+01
9.464882138367025632e+00,-6.959132234620588520e+01
9.197936347273094171e+00,-6.952628834521249246e+01
8.931726335466857236e+00,-6.946152271440899995e+01
8.666323601841419588e+00,-6.939707171037564137e+01
8.401799645290067176e+00,-6.933298158969272151e+01
8.138219196137203681e+00,-6.926929353337844475e+01
7.875553430251145848e+00,-6.920597856855701480e+01
7.613705261479511321e+00,-6.914295653455511115e+01
7.352576051647618627e+00,-6.908014610688096013e+01
7.092067162580919515e+00,-6.901746596104284492e+01
6.832079956104871954e+00,-6.895483477254903448e+01
6.572515794044786475e+00,-6.889217121690776935e+01
6.313276038226121933e+00,-6.882939396962730427e+01
6.054262050474328305e+00,-6.876642170621593664e+01
5.795375192614725890e+00,-6.870317310218186435e+01
5.536516826472809072e+00,-6.863956683303339901e+01
5.277588313873899928e+00,-6.857552157427879536e+01
5.018491016643449321e+00,-6.851095600142629394e+01
4.759126296606907225e+00,-6.844578878998413529e+01
4.499395515589596606e+00,-6.837993861546061680e+01
4.239200035416970103e+00,-6.831332415336399322e+01
3.978441217914476358e+00,-6.824586407920251929e+01
3.717020424907437448e+00,-6.817747706848442135e+01
3.454852328766788272e+00,-6.810807381431935426e+01
3.192060351148279018e+00,-6.803743982185883965e+01
2.928933656619885362e+00,-6.796526119942639355e+01
2.665765975266864096e+00,-6.789122131738282917e+01
2.402851037174287718e+00,-6.781500354608890291e+01
2.140482572427369501e+00,-6.773629125590541378e+01
1.878954311111318942e+00,-6.765476781719316079e+01
1.618559983311210759e+00,-6.757011660031291456e+01
1.359593319112256449e+00,-6.748202097562548829e+01
1.102348048599665509e+00,-6.739016431349165259e+01
8.471179018585147658e-01,-6.729422998427216385e+01
5.941966089740144952e-01,-6.719390135832786370e+01
3.438779000313723633e-01,-6.708886180601953697e+01
9.645550511566858276e-02,-6.697879469770791161e+01
-1.477768456878474912e-01,-6.686338340375385769e+01
-3.885254222940931479e-01,-6.674231129451807476e+01
-6.254964946178610541e-01,-6.661526174036140446e+01
-8.583963325739462080e-01,-6.648191811164464582e+01
-1.086945661881031144e+00,-6.634198182381453535e+01
-1.311124065448763920e+00,-6.619547742206903251e+01
-1.531134683010456632e+00,-6.604270851613783577e+01
-1.747188002423989639e+00,-6.588398788836656195e+01
-1.959494511547131390e+00,-6.571962832110092734e+01
-2.168264698237650112e+00,-6.554994259668661982e+01
-2.373709050353424832e+00,-6.537524349746931307e+01
-2.576038055752189582e+00,-6.519584380579473759e+01
-2.775462202291818947e+00,-6.501205630400849600e+01
-2.972191977830084042e+00,-6.482419377445634723e+01
-3.166437870224757312e+00,-6.463256899948396494e+01
-3.358410367333709790e+00,-6.443749476143698018e+01
-3.548319957014715698e+00,-6.423928384266115188e+01
-3.736377127125547037e+00,-6.403824902550216791e+01
-3.922792365524072622e+00,-6.383470309230564510e+01
-4.107776160068068450e+00,-6.362895882541731396e+01
-4.291538998615306078e+00,-6.342132900718289790e+01
-4.474291369023656095e+00,-6.321212641994802084e+01
-4.656242486770829636e+00,-6.300166117118155995e+01
-4.837575361981513389e+00,-6.279018827782012835e+01
-5.018448394183597117e+00,-6.257791101886501650e+01
-5.199019029870435737e+00,-6.236503066978876575e+01
-5.379444715535480981e+00,-6.215174850606376111e+01
-5.559882897672087765e+00,-6.193826580316255104e+01
-5.740491022773610119e+00,-6.172478383655761291e+01
-5.921426537333503326e+00,-6.151150388172137440e+01
-6.102846887845117863e+00,-6.129862721412633420e+01
-6.284909520801813976e+00,-6.108635510924502654e+01
-6.467771882697041619e+00,-6.087488884254984356e+01
-6.651591420024121071e+00,-6.066442968951333370e+01
-6.836525579276507614e+00,-6.045517892560793882e+01
-7.022731806947554389e+00,-6.024733782630612922e+01
-7.210367549530618092e+00,-6.004110766708043911e+01
-7.399583202676675242e+00,-5.983668229355928503e+01
-7.590364938295176778e+00,-5.963408250016747303e+01
-7.782533555066879494e+00,-5.943315481885087337e+01
-7.975902570929195967e+00,-5.923373810945240336e+01
-8.170285503819455286e+00,-5.903567123181524323e+01
-8.365495871674971440e+00,-5.883879304578241687e+01
-8.561347192433172992e+00,-5.864294241119699080e+01
-8.757652984031343735e+00,-5.844795818790205288e+01
-8.954226764406902461e+00,-5.825367923574058437e+01
-9.150882051497175596e+00,-5.805994441455572996e+01
-9.347432363239478903e+00,-5.786659258419056329e+01
-9.543691217571238283e+00,-5.767346260448807982e+01
-9.739472132429771278e+00,-5.748039333529136741e+01
-9.934588625752397206e+00,-5.728722363644354232e+01
-1.012885421547653841e+01,-5.709379236778758582e+01
-1.032208241953952310e+01,-5.689993838916662838e+01
-1.051408675587866526e+01,-5.670550056042372233e+01
-1.070468074243138190e+01,-5.651031774140189157e+01
-1.089368366253429699e+01,-5.631423208821199466e+01
-1.108107184191239014e+01,-5.611717554324486912e+01
-1.126699355977214800e+01,-5.591917836033222500e+01
-1.145160585063221426e+01,-5.572027579900473171e+01
-1.163506574901132673e+01,-5.552050311879287392e+01
-1.181753028942813444e+01,-5.531989557922733525e+01
-1.199915650640127218e+01,-5.511848843983873536e+01
-1.218010143444949200e+01,-5.491631696015762287e+01
-1.236052210809142693e+01,-5.471341639971458903e+01
-1.254057556184573308e+01,-5.450982201804033167e+01
-1.272041883023113762e+01,-5.430556907466532124e+01
-1.290020894776626470e+01,-5.410069282912029820e+01
-1.308010294896984682e+01,-5.389522854093574722e+01
-1.326025786836052589e+01,-5.368921146964230218e+01
-1.344083074045695447e+01,-5.348267687477063248e+01
-1.362197859977786329e+01,-5.327566001585124411e+01
-1.380385848084190670e+01,-5.306819615241479937e+01
-1.398662741816772126e+01,-5.286032054399191082e+01
-1.417043838940040779e+01,-5.265206856499786880e+01
-1.435531365941864834e+01,-5.244347929144273479e+01
-1.454111984382285172e+01,-5.223459620709692786e+01
-1.472771446632668990e+01,-5.202546305319970799e+01
-1.491495505064372118e+01,-5.181612357099047728e+01
-1.510269912048762642e+01,-5.160662150170846729e+01
-1.529080419957200121e+01,-5.139700058659308723e+01
-1.547912781161042162e+01,-5.118730456688366814e+01
-1.566752748031657916e+01,-5.097757718381947711e+01
-1.585586072940405344e+01,-5.076786217863987360e+01
-1.604398508258643474e+01,-5.055820329258422419e+01
-1.623175806357740925e+01,-5.034864426689178885e+01
-1.641903719609056367e+01,-5.013922884280195547e+01
-1.660568000383948117e+01,-4.993000076155404088e+01
-1.679154401053784440e+01,-4.972100376438733349e+01
-1.697648673989921519e+01,-4.951228159254123540e+01
-1.716036571563726909e+01,-4.930387798725499238e+01
-1.734303846146559636e+01,-4.909583668976797100e+01
-1.752436517221801893e+01,-4.888820026076708558e+01
-1.770430922934886198e+01,-4.868096565564654554e+01
-1.788296768072722998e+01,-4.847407075338239935e+01
-1.806044646958605782e+01,-4.826744950147516988e+01
-1.823685153915836210e+01,-4.806103584742530188e+01
-1.841228883267705996e+01,-4.785476373873328981e+01
-1.858686429337508983e+01,-4.764856712289971341e+01
-1.876068386448547187e+01,-4.744237994742496056e+01
-1.893385348924112321e+01,-4.723613615980959679e+01
-1.910647911087497519e+01,-4.702976970755413078e+01
-1.927866667262004796e+01,-4.682321453815899304e+01
-1.945052211770922668e+01,-4.661640459912472778e+01
-1.962215138937554570e+01,-4.640927383795182237e+01
-1.979366043085192928e+01,-4.620175620214077128e+01
-1.996515518537129097e+01,-4.599378563919209739e+01
-2.013674159616665804e+01,-4.578529609660623834e+01
-2.030852560647095828e+01,-4.557622152188373832e+01
-2.048061315951712302e+01,-4.536649586252512023e+01
-2.065310509436402597e+01,-4.515605244433391618e+01
-2.082586199253312742e+01,-4.494479532934649058e+01
-2.099840571261034938e+01,-4.473258732258281611e+01
-2.117023258474432268e+01,-4.451928811965664323e+01
-2.134083893908358931e+01,-4.430475741618187868e+01
-2.150972110577678365e+01,-4.408885490777230132e+01
-2.167637541497246900e+01,-4.387144029004178236e+01
-2.184029819681919449e+01,-4.365237325860417172e+01
-2.200098578146560868e+01,-4.343151350907326957e+01
-2.215793449906026780e+01,-4.320872073706292582e+01
-2.231064067975172804e+01,-4.298385463818701169e+01
-2.245860065368862379e+01,-4.275677490805929892e+01
-2.260131075101951836e+01,-4.252734124229364454e+01
-2.273826730189298573e+01,-4.229541333650395529e+01
-2.286896663645763894e+01,-4.206085088630396740e+01
-2.299290508486203066e+01,-4.182351358730760893e+01
-2.310957897725478105e+01,-4.158326113512860900e+01
-2.321848464378446053e+01,-4.133995322538087436e+01
-2.331912432098591381e+01,-4.109345165465956029e+01
-2.341134569960388845e+01,-4.084374110228238663e+01
-2.349552685239984484e+01,-4.059099491160559836e+01
-2.357209088869965186e+01,-4.033540244609894643e+01
-2.364146091782919612e+01,-4.007715306923203968e+01
-2.370406004911434650e+01,-3.981643614447462198e+01
-2.376031139188095764e+01,-3.955344103529643007e+01
-2.381063805545491618e+01,-3.928835710516705859e+01
-2.385546314916208388e+01,-3.902137371755632955e+01
-2.389520978232835446e+01,-3.875268023593384470e+01
-2.393030106427957548e+01,-3.848246602376933367e+01
-2.396116010434161581e+01,-3.821092044453254744e+01
-2.398821001184036916e+01,-3.793823286169308062e+01
-2.401187389610169021e+01,-3.766459263872069840e+01
-2.403257486645145491e+01,-3.739018913908513753e+01
-2.405073603221553924e+01,-3.711521172625600684e+01
-2.406678050271981917e+01,-3.683984976370307152e+01
-2.408113138729014224e+01,-3.656429261489601856e+01
-2.409420952511023728e+01,-3.628872866037817602e+01
-2.410626676297759374e+01,-3.601327311035604595e+01
-2.411727218646977988e+01,-3.573791874506029131e+01
-2.412716794978840440e+01,-3.546264668397238040e+01
-2.413589620713507244e+01,-3.518743804657382412e+01
-2.414339911271137495e+01,-3.491227395234592734e+01
-2.414961882071890997e+01,-3.463713552077018676e+01
-2.415449748535927910e+01,-3.436200387132805645e+01
-2.415797726083408747e+01,-3.408686012350088390e+01
-2.416000030134493670e+01,-3.381168539677015161e+01
-2.416050876109341417e+01,-3.353646081061735629e+01
-2.415944479428113212e+01,-3.326116748452379568e+01
-2.415675055510968861e+01,-3.298578653797100912e+01
-2.415236819778067456e+01,-3.271029909044032991e+01
-2.414623987649569514e+01,-3.243468626141324052e+01
-2.413830774545634839e+01,-3.215892917037120924e+01
-2.412851395886424655e+01,-3.188300893679559778e+01
-2.411680067092096635e+01,-3.160690668016784954e+01
-2.410311038323793298e+01,-3.133060375556685884e+01
-2.408741951491662192e+01,-3.105410451935712857e+01
-2.406976638833808835e+01,-3.077745530786771155e+01
-2.405019591380253274e+01,-3.050070692505217806e+01
-2.402875300161016980e+01,-3.022391017486398113e+01
-2.400548256206120712e+01,-2.994711586125674430e+01
-2.398042950545584162e+01,-2.967037478818390639e+01
-2.395363874209429511e+01,-2.939373775959906965e+01
-2.392515518227677163e+01,-2.911725557945579013e+01
-2.389502373630348231e+01,-2.884097905170754217e+01
-2.386328931447462054e+01,-2.856495898030787473e+01
-2.382999682709042943e+01,-2.828924616921040425e+01
-2.379519118445107040e+01,-2.801389142236855179e+01
-2.375891729685678300e+01,-2.773894554373590893e+01
-2.372122007460778548e+01,-2.746445933726606370e+01
-2.368214436009266421e+01,-2.719048345350582707e+01
-2.364172644186996308e+01,-2.691704922061313709e+01
-2.359998581153752184e+01,-2.664415002381192110e+01
-2.355694000487840611e+01,-2.637177483030365011e+01
-2.351260655767564245e+01,-2.609991260728974183e+01
-2.346700300571225739e+01,-2.582855232197150386e+01
-2.342014688477129170e+01,-2.555768294155036457e+01
-2.337205573063578967e+01,-2.528729343322777368e+01
-2.332274707908877431e+01,-2.501737276420502099e+01
-2.327223846591328282e+01,-2.474790990168354199e+01
-2.322054742689237372e+01,-2.447889381286478638e+01
-2.316769149780904513e+01,-2.421031346495003689e+01
-2.311368821444636268e+01,-2.394215782514078938e+01
-2.305855511258733870e+01,-2.367441586063833725e+01
-2.300230972801502816e+01,-2.340707653864412308e+01
-2.294496959651246826e+01,-2.314012882635957880e+01
-2.288655225386267489e+01,-2.287356169098599779e+01
-2.282707523584868881e+01,-2.260736409972482974e+01
-2.276655607825357208e+01,-2.234152501977751371e+01
-2.270501231686032639e+01,-2.207603341834533950e+01
-2.264246148745200671e+01,-2.181087826262974261e+01
-2.257892112581164668e+01,-2.154604851983216562e+01
-2.251440876772226929e+01,-2.128153315715390903e+01
-2.244894194896693662e+01,-2.101732114179645450e+01
-2.238253820532865390e+01,-2.075340144096110251e+01
-2.231521507259046544e+01,-2.048976302184929210e+01
-2.224699008653543331e+01,-2.022639485166245166e+01
-2.217788078294655918e+01,-1.996328589760189232e+01
-2.210790469760689447e+01,-1.970042512686904246e+01
-2.203707936629947994e+01,-1.943780150666534112e+01
-2.196542232480732437e+01,-1.917540400419208879e+01
-2.189295110891349339e+01,-1.891322158665072450e+01
-2.181968325440102063e+01,-1.865124322124268019e+01
-2.174563629705292556e+01,-1.838945787516926345e+01
-2.167082777265225602e+01,-1.812785451563194883e+01
-2.159527521698203500e+01,-1.786642210983204393e+01
-2.151899622326277495e+01,-1.760514957286068594e+01
-2.144202392872940877e+01,-1.734401171746038983e+01
-2.136442797212691502e+01,-1.708295024028096876e+01
-2.128628322618942548e+01,-1.682190208942171239e+01
-2.120766456365113228e+01,-1.656080421298193173e+01
-2.112864685724613878e+01,-1.629959355906078144e+01
-2.104930497970860159e+01,-1.603820707575756899e+01
-2.096971380377269512e+01,-1.577658171117158936e+01
-2.088994820217251558e+01,-1.551465441340200080e+01
-2.081008304764226224e+01,-1.525236213054815693e+01
-2.073019321291603489e+01,-1.498964181070921775e+01
-2.065035357072800082e+01,-1.472643040198447828e+01
-2.057063899381232019e+01,-1.446266485247324241e+01
-2.049112435490310347e+01,-1.419828211027466836e+01
-2.041188452673452502e+01,-1.393321912348806535e+01
-2.033299438204073795e+01,-1.366741284021272307e+01
-2.025452879355585978e+01,-1.340080020854781040e+01
-2.017656263401404715e+01,-1.313331817659262235e+01
-2.009916995183860067e+01,-1.286490420653250055e+01
-2.002205490071137106e+01,-1.259572644746091541e+01
-1.994396998860393921e+01,-1.232654654760001023e+01
-1.986351678211319083e+01,-1.205822029059773470e+01
-1.977929684783601161e+01,-1.179160346010216998e+01
-1.968991175236932278e+01,-1.152755183976139719e+01
-1.959396306230999230e+01,-1.126692121322337137e+01
-1.949005234425493072e+01,-1.101056736413616655e+01
-1.937678116480104151e+01,-1.075934607614786920e+01
-1.925275233084140325e+01,-1.051411252958329001e+01
-1.911732002095227401e+01,-1.027535641149393264e+01
-1.897186277057381076e+01,-1.004258269146934168e+01
-1.881809659700672555e+01,-9.815132176204972581e+00
-1.865773751755179788e+01,-9.592345672396426437e+00
-1.849250154950973979e+01,-9.373563986739158693e+00
-1.832410415501433576e+01,-9.158128106662585921e+00
-1.815384044751607817e+01,-8.945515863537314871e+00
-1.798183745059248295e+01,-8.735585358800594946e+00
-1.780802092124691072e+01,-8.528260215948851197e+00
-1.763231661648270077e+01,-8.323464058478496241e+00
-1.745465029330312134e+01,-8.121120509885843219e+00
-1.727494770871150820e+01,-7.921153193667307413e+00
-1.709313461971121839e+01,-7.723485733319304103e+00
-1.690913678330551306e+01,-7.528041752338150872e+00
-1.672287995649776704e+01,-7.334744874220289645e+00
-1.653428989629124146e+01,-7.143518722462042447e+00
-1.634329235968927563e+01,-6.954286920559820118e+00
-1.614981310369523371e+01,-6.766973092010037938e+00
-1.595377788531236263e+01,-6.581500860309014378e+00
-1.575511246154401768e+01,-6.397793848953160278e+00
-1.555374258939355236e+01,-6.215775681438890921e+00
-1.534959402586421007e+01,-6.035369981262522998e+00
-1.514259252795935140e+01,-5.856500371920472681e+00
-1.493266387374986159e+01,-5.679090516392823140e+00
-1.471977016173056718e+01,-5.503132147511173855e+00
-1.450398432667890347e+01,-5.328824721708926404e+00
-1.428540037090349379e+01,-5.156407179091989867e+00
-1.406411229671309293e+01,-4.986118459766362143e+00
-1.384021410641644145e+01,-4.818197503838038465e+00
-1.361379980232217157e+01,-4.652883251412929688e+00
-1.338496338673902564e+01,-4.490414642597032824e+00
-1.315379886197575310e+01,-4.331030617496341328e+00
-1.292040023034098972e+01,-4.174970116216770499e+00
-1.268486149414347430e+01,-4.022472078864314682e+00
-1.244727665569195452e+01,-3.873775445544964668e+00
-1.220773971729506080e+01,-3.729119156364640197e+00
-1.196634468126157991e+01,-3.588742151429356930e+00
-1.172318554990014228e+01,-3.452883370845035049e+00
-1.147835632551949026e+01,-3.321781754717666679e+00
-1.123195101042837685e+01,-3.195676243153240392e+00
-1.098406360693542183e+01,-3.074805776257680368e+00
-1.073478811798434229e+01,-2.959409272932426838e+00
-1.048422224708369832e+01,-2.849602071960128047e+00
-1.023247611317509964e+01,-2.745084899552576729e+00
-9.979662436009052229e+00,-2.645471628083844617e+00
-9.725893935336090479e+00,-2.550376129928003444e+00
-9.471283330906594244e+00,-2.459412277459073870e+00
-9.215943342471135225e+00,-2.372193943051142728e+00
-8.959986689780100377e+00,-2.288334999078233345e+00
-8.703526092584011664e+00,-2.207449317914415232e+00
-8.446674270633387493e+00,-2.129150771933756570e+00
-8.189543943678620153e+00,-2.053053233510284237e+00
-7.932247831470230715e+00,-1.978770575018066635e+00
-7.674898653758738476e+00,-1.905916668831169725e+00
-7.417609130294532171e+00,-1.834105387323623493e+00
-7.160491980828135539e+00,-1.762950602869494565e+00
-6.903659925110067874e+00,-1.692066187842849123e+00
-6.647225682890720577e+00,-1.621066014617718043e+00
-6.391301973920654689e+00,-1.549563955568178386e+00
-6.136001514882480024e+00,-1.477173886642862310e+00
-5.881263327330243484e+00,-1.403712074480734762e+00
-5.626385164625011370e+00,-1.329741995577609526e+00
-5.370516825416944862e+00,-1.255999524217688457e+00
-5.112808108356333037e+00,-1.183220534685210268e+00
-4.852408812093472967e+00,-1.112140901264414339e+00
-4.588468735278521393e+00,-1.043496498239503412e+00
-4.320137676561773610e+00,-9.780231998947164218e-01
-4.046565434593519583e+00,-9.164568805142903063e-01
-3.766901805181007923e+00,-8.595334132823241324e-01
-3.477897438079244008e+00,-8.070602861491561475e-01
-3.167009382112440541e+00,-7.552486900142740822e-01
-2.819444656217313216e+00,-6.994391331031724057e-01
-2.428378124059389354e+00,-6.370112852280224169e-01
-2.018348819883767131e+00,-5.733716558321523271e-01