-1.888014326154278777e+00,1.453757441942251205e+00
-1.498318442572508458e+00,1.502094325392054452e+00
-1.140258912059541885e+00,1.541507887789829168e+00
-8.234870139085720409e-01,1.572434944725003003e+00
-5.343825442334125819e-01,1.597498063814112301e+00
-2.830065949149989657e-01,1.616902783391122922e+00
-4.546189155903292839e-02,1.633263857847610856e+00
1.787943562084350901e-01,1.647011942470550938e+00
4.345586935828668063e-01,1.660768487300888552e+00
6.993165829628857910e-01,1.672969515268725837e+00
9.840673470314852400e-01,1.683942316702444320e+00
1.267077138289561589e+00,1.692836991282468118e+00
1.548768923293044164e+00,1.699916944152511267e+00
1.840353408607840802e+00,1.705630814192823363e+00
2.120668370927899282e+00,1.709827264329152996e+00
2.411735659988302860e+00,1.713115043464912057e+00
2.703241207303896942e+00,1.715603899852850223e+00
2.984775294588677408e+00,1.717502617141042132e+00
3.267281228617480604e+00,1.719024754924298071e+00
3.550810598136892260e+00,1.720217610302274380e+00
3.835414469736254883e+00,1.721128176526691478e+00
4.110132885705335859e+00,1.721781257634662055e+00
4.385937351192765732e+00,1.722258571284352335e+00
4.662873264210520396e+00,1.722601894305423098e+00
4.929838347521099173e+00,1.722844205615041036e+00
5.209123588251430625e+00,1.723046093231501485e+00
5.478427738647429379e+00,1.723229661689730463e+00
5.737642735118776649e+00,1.723430848772855351e+00
6.009347794391723951e+00,1.723702837785672015e+00
6.270937471047566270e+00,1.724056683005917856e+00
6.545197475741650450e+00,1.724558842359007915e+00
6.809309450936837926e+00,1.725201189260990420e+00
7.074709537266782533e+00,1.726034221709090044e+00
7.329808178395109231e+00,1.727039415535731592e+00
7.597775595731912190e+00,1.728328036506641352e+00
7.855178852927364730e+00,1.729783236795509049e+00
8.125263315923163532e+00,1.731528968414944636e+00
8.384397364493253235e+00,1.733405569553974956e+00
8.655983709249747804e+00,1.735575301393406766e+00
8.916260131552617096e+00,1.737841632537919123e+00
9.188733194171508245e+00,1.740402254168818663e+00
9.449563572565306657e+00,1.743026644474133802e+00
9.722308189148289870e+00,1.745945045467970802e+00
9.994954040390215511e+00,1.749033525121329591e+00
1.025550511263993059e+01,1.752138894017654325e+00
1.052749293684406950e+01,1.755535119497506846e+00
1.079890687652841308e+01,1.759075850940475583e+00
1.106958622961780137e+01,1.762752438758071971e+00
1.135107724385336070e+01,1.766724367683800256e+00
1.161975575947055717e+01,1.770651677936000867e+00
1.189880882489742753e+01,1.774866385585987416e+00
1.216481949883062974e+01,1.779008320660575349e+00
1.244085788735940845e+01,1.783428768352979699e+00
1.271538097028996361e+01,1.787941288050521882e+00
1.298845023141316624e+01,1.792537338053593166e+00
1.327141771870138420e+01,1.797404504475824671e+00
1.354170966960673539e+01,1.802144573245481274e+00
1.382191760937878122e+01,1.807143214818127896e+00
1.410082046777643860e+01,1.812194646862559155e+00
1.437848773874011599e+01,1.817289214860806856e+00
1.465498891621023425e+01,1.822417264294904360e+00
1.493039349412721428e+01,1.827569140646885026e+00
1.521572568444918794e+01,1.832941989581273079e+00
1.548910868608820657e+01,1.838112536116422779e+00
1.576160634975295238e+01,1.843277559834834989e+00
1.604413945553546839e+01,1.848632947831827966e+00
1.632586831564276153e+01,1.853961060003906702e+00
1.659607631751305590e+01,1.859048345781943556e+00
1.687654086304903700e+01,1.864280711582848582e+00
1.715677966767946216e+01,1.869410561273431304e+00
1.743715426648015665e+01,1.874391856715435178e+00
1.771802619452695637e+01,1.879178559770602552e+00
1.798890093473651675e+01,1.883554789503378180e+00
1.827179850287461349e+01,1.887826070384855726e+00
1.854528975006504510e+01,1.891621539437984945e+00
1.882055213183292253e+01,1.895070111722793049e+00
1.909790705154419044e+01,1.898130859502008105e+00
1.937767591256478639e+01,1.900762855038359511e+00
1.966018011826066214e+01,1.902925170594575999e+00
1.993425591260205110e+01,1.904521127185545115e+00
2.021143316306659443e+01,1.905610297461590719e+00
2.048023479443068950e+01,1.906145026943075749e+00
2.076430942749177078e+01,1.906136850425807383e+00
2.104024359581691428e+01,1.905553414599512552e+00
2.130765594386252104e+01,1.904446680889360755e+00
2.159027232012871522e+01,1.902733007852725811e+00
2.186279205688432015e+01,1.900587490531598700e+00
2.213674491962987290e+01,1.897972374179647925e+00
2.241143228014255939e+01,1.894912778706782985e+00
2.268615551019954069e+01,1.891433824022912713e+00
2.296021598157799914e+01,1.887560630037947051e+00
2.323291506605509582e+01,1.883318316661793501e+00
2.351579564671266809e+01,1.878515768444924072e+00
2.378353408020164039e+01,1.873596678347515976e+00
2.405970060455389969e+01,1.868141528838478171e+00
2.433125541680559678e+01,1.862395258690459965e+00
2.460883668159921456e+01,1.856119814800408996e+00
2.489074200618254551e+01,1.849314216329189797e+00
2.516424620591098460e+01,1.842270826652998794e+00
2.543867665440665604e+01,1.834733076259282614e+00
2.571163467808354142e+01,1.826719837136427937e+00
2.598987862954362527e+01,1.817952108089704311e+00
2.626212627642823350e+01,1.808730138416729361e+00
2.653741130147353644e+01,1.798726929548267295e+00
2.681565969867373056e+01,1.787914358145956228e+00
2.708999269451778247e+01,1.776590206384266013e+00
2.736291000973392684e+01,1.764742739421552242e+00
2.763749018894847609e+01,1.752360615245223130e+00
2.791743347983837964e+01,1.739432946202182029e+00
2.819211924740496045e+01,1.726646038290992724e+00
2.846523929225701721e+01,1.714021386557348148e+00
2.874787636661841361e+01,1.701221275801241939e+00
2.902688876259232131e+01,1.688975965120580680e+00
2.930230491886419131e+01,1.677314863971314018e+00
2.957990111928645760e+01,1.665888890653283605e+00
2.985698410227389132e+01,1.654705885559130341e+00
3.013121618683875980e+01,1.643774157478304909e+00
3.041027635702218390e+01,1.632719109258633061e+00
3.069273218585608731e+01,1.621536895633336028e+00
3.096732663378542938e+01,1.610616005371811710e+00
3.125228204080068295e+01,1.599172639351302605e+00
3.152661836801759065e+01,1.587992430445833714e+00
3.180853951823288739e+01,1.576273056772366177e+00
3.208679298032507887e+01,1.564407556550191147e+00
3.236925711697747943e+01,1.551975036495920168e+00
3.264467756458900993e+01,1.539377766489326227e+00
3.292021089322220462e+01,1.526183936350301362e+00
3.320280769979805058e+01,1.512014806968438041e+00
3.347592891568574203e+01,1.497922386165292163e+00
3.375725691623132718e+01,1.483305266147225243e+00
3.403210183379847109e+01,1.469285012942670887e+00
3.431029957965606059e+01,1.455763650400878406e+00
3.458625129449034574e+01,1.443437750845838030e+00
3.486229586592781260e+01,1.432593287254434244e+00
3.514077218159494009e+01,1.423516232603551090e+00
3.541606597772609177e+01,1.416657396306544969e+00
3.568985060617646354e+01,1.412102273175923850e+00
3.597188912797313520e+01,1.409867620947286460e+00
3.624648521888245511e+01,1.410057037990543050e+00
3.652049016594920516e+01,1.411991564511978270e+00
3.679144972031541982e+01,1.414824380023391281e+00
3.706645279924415348e+01,1.417940694374287380e+00
3.734386261232404536e+01,1.420686331027766647e+00
3.763130918185472495e+01,1.422439186495808805e+00
3.791777189415839899e+01,1.422375926379179090e+00
3.821052868295260652e+01,1.419640447383542892e+00
3.851610362200725746e+01,1.412882867299920520e+00
3.883090346162003925e+01,1.400365019904778130e+00
3.915035974893379489e+01,1.379941211518721511e+00
3.947649178635011680e+01,1.348095417948904418e+00
3.981473325071885938e+01,1.298345513873167434e+00
4.015548073414365149e+01,1.225792396883367497e+00
4.050591334079539507e+01,1.123633203835070038e+00
4.085629291595952139e+01,9.903041190508444780e-01
4.120369824197592123e+01,8.270998038203676295e-01
4.155197549954571201e+01,6.382471565048898343e-01
4.190608115524184285e+01,4.334143366832813316e-01
4.226324309855398553e+01,2.245631321570945305e-01
4.263009574867796658e+01,3.304111995798574009e-03
4.300619337009981535e+01,-2.379245029200625638e-01
4.337596407334094550e+01,-4.975449189600378852e-01
4.370628055433540027e+01,-7.568353798578135727e-01
4.398717821367414160e+01,-1.005280433313642474e+00
4.422578898668945158e+01,-1.239626019853169892e+00
4.442157139565795632e+01,-1.448767602891702699e+00
4.458213516891650130e+01,-1.632277610525628697e+00
4.473264374998093018e+01,-1.814702409119896442e+00
4.492238191184255669e+01,-2.060100741870278807e+00
4.515532425786979331e+01,-2.387520291457004173e+00
4.540132011931700617e+01,-2.770293028433644444e+00
4.562002839381024444e+01,-3.156224368881419551e+00
4.580661868048533591e+01,-3.543853721380398447e+00
4.595739728968711546e+01,-3.926144201780791931e+00
4.607533008496719873e+01,-4.302448149790464527e+00
4.616417257694606491e+01,-4.668779870202301119e+00
4.623063082246364530e+01,-5.027800090167720448e+00
4.628021431281236175e+01,-5.371966405547783374e+00
4.631806907032805043e+01,-5.701134395527697407e+00
4.634839398648757225e+01,-6.023684047593665269e+00
4.637359336748856720e+01,-6.343135083356227000e+00
4.639513236072657776e+01,-6.657144533151388544e+00
4.641510236396327826e+01,-6.976348506549614470e+00
4.643384644250085103e+01,-7.285916520023135945e+00
4.645247835049273277e+01,-7.597668126492060026e+00
4.647052000792848503e+01,-7.911783488789239982e+00
4.648709934584002212e+01,-8.222479535389283001e+00
4.650172324396255163e+01,-8.530249781957087052e+00
4.651410951954137829e+01,-8.841553770614925867e+00
4.652342757188883127e+01,-9.150852275011189363e+00
4.652915470118207253e+01,-9.458668414086631060e+00
4.653076820759826404e+01,-9.765525306782016912e+00
4.652774539131461040e+01,-1.007194607203809866e+01
4.651956355250825936e+01,-1.037845382879563694e+01
4.650569999135639421e+01,-1.068557169599538703e+01
4.648563200803617690e+01,-1.099382279257810957e+01
4.645941888776275164e+01,-1.129775160156387059e+01
4.642624177285352260e+01,-1.160376718138835628e+01
4.638560754304369027e+01,-1.191236304771647170e+01
4.633816950251930677e+01,-1.221771912355166201e+01
4.628375071904594051e+01,-1.252482246135419430e+01
4.622458250780756828e+01,-1.282587259633378096e+01
4.615920631405923302e+01,-1.313151449082576327e+01
4.608832107202515260e+01,-1.343993309786732127e+01
4.601421811212247803e+01,-1.374322135661318001e+01
4.593490764075881572e+01,-1.405106421656223503e+01
4.585287206907479174e+01,-1.435498878423033808e+01
4.576739210954818304e+01,-1.465826402619982538e+01
4.567692409572868684e+01,-1.496228721695311847e+01
4.558201715903651774e+01,-1.526045536228745725e+01
4.547833987700145997e+01,-1.556235808264435860e+01
4.536888702796928641e+01,-1.585706177815192675e+01
4.525013915998516723e+01,-1.615364536211303559e+01
4.512298641285499201e+01,-1.645003274617396727e+01
4.499253025410054363e+01,-1.673644666156616623e+01
4.485247376914788475e+01,-1.702826376257093699e+01
4.471026557933657841e+01,-1.731090192127645011e+01
4.456476150452574814e+01,-1.758794824599974760e+01
4.441382786684663841e+01,-1.786396187909510402e+01
4.425826911488026383e+01,-1.813759625448894397e+01
4.409884750850159207e+01,-1.840765048721375052e+01
4.393628477633353668e+01,-1.867306130054111080e+01
4.376694914936491188e+01,-1.893956445714729497e+01
4.359547282609364771e+01,-1.919968080358539098e+01
4.342201233579758934e+01,-1.945290259185406612e+01
4.324135536690253900e+01,-1.970572706828599507e+01
4.305765437726107336e+01,-1.995136890199352564e+01
4.286539544776706379e+01,-2.019634408271897641e+01
4.266930432654382344e+01,-2.043392237153419799e+01
4.246936712116735890e+01,-2.066404121690116469e+01
4.225953624235914674e+01,-2.089318988725571202e+01
4.204553960012388814e+01,-2.111474761644546660e+01
4.182762552167158532e+01,-2.132869901875538687e+01
4.160612844694740176e+01,-2.153504477188687360e+01
4.137404207561689873e+01,-2.174019200925410900e+01
4.114657481701188146e+01,-2.193130547805441211e+01
4.090228647817446017e+01,-2.212723280146120786e+01
4.066626550220633618e+01,-2.230874596582784974e+01
4.042396463548619323e+01,-2.248821822161151474e+01
4.017632573792619155e+01,-2.266533055749953007e+01
3.992429066943853400e+01,-2.283976396217920168e+01
3.967765849948469281e+01,-2.300534124228844490e+01
3.942865388677162031e+01,-2.316783663476415356e+01
3.916915954353709139e+01,-2.333258017590215516e+01
3.891794478947176117e+01,-2.348791450041588291e+01
3.865798069519788527e+01,-2.364462500965760583e+01
3.839917415568547199e+01,-2.379677552098512905e+01
3.814246703084669576e+01,-2.394404702308577271e+01
3.788011968213322689e+01,-2.409092303200026564e+01
3.762179527118222211e+01,-2.423197235993929155e+01
3.735890778472258944e+01,-2.437164490308326137e+01
3.709973636417815612e+01,-2.450525308838090410e+01
3.683567581306076022e+01,-2.463693213763875178e+01
3.656659320207496222e+01,-2.476622028257031616e+01
3.630030965336606386e+01,-2.488903973085112042e+01
3.603633980447734331e+01,-2.500552915152205102e+01
3.576627802457309713e+01,-2.511907439300696865e+01
3.549762623236236436e+01,-2.522619901789326136e+01
3.522198579782023842e+01,-2.532992768169326681e+01
3.495456367876942494e+01,-2.542448843242592460e+01
3.467906380426913415e+01,-2.551560519113930070e+01
3.440277986271642874e+01,-2.560064512670842518e+01
3.412517678837056678e+01,-2.568043630751606443e+01
3.385375213573002640e+01,-2.575397092873710037e+01
3.357203548899393297e+01,-2.582665618638805682e+01
3.329563980003883472e+01,-2.589537926038295268e+01
3.302434950826319238e+01,-2.596127532298327267e+01
3.274964317923469537e+01,-2.602731563106628343e+01
3.247108790365784614e+01,-2.609442876894997454e+01
3.219688868111173718e+01,-2.616141057745633702e+01
3.192704616597908540e+01,-2.622889287442043127e+01
3.166161980844472978e+01,-2.629736157334181001e+01
3.139164644847298291e+01,-2.636964707685844900e+01
3.112605737273379347e+01,-2.644379132911654295e+01
3.085611439866923078e+01,-2.652219627047535866e+01
3.059206911958577990e+01,-2.660134275714451491e+01
3.033496708983550860e+01,-2.668028720224082306e+01
3.006646720114773785e+01,-2.676428206024549183e+01
2.980641820597082869e+01,-2.684676059225867206e+01
2.954590952425030537e+01,-2.693013884692189919e+01
2.928559113526729618e+01,-2.701386681925643529e+01
2.903570075051914401e+01,-2.709431087558212781e+01
2.877764609951033492e+01,-2.717712586497113847e+01
2.852170760577551789e+01,-2.725866092764997717e+01
2.825922009233140386e+01,-2.734127578573277617e+01
2.800043231590783677e+01,-2.742130924345566712e+01
2.774606918354020380e+01,-2.749814789283747984e+01
2.747927083429545903e+01,-2.757623285581219719e+01
2.720209070590172828e+01,-2.765398876612565005e+01
2.693273929404117695e+01,-2.772614812484852820e+01
2.664697604075359649e+01,-2.779920750713719713e+01
2.636254141190667255e+01,-2.786857903759252508e+01
2.607258368318513675e+01,-2.793616961914331398e+01
2.577137335374060001e+01,-2.800347920575550731e+01
2.546131424358439332e+01,-2.807030671337654582e+01
2.514489530898891445e+01,-2.813683101279096377e+01
2.482467142420356510e+01,-2.820369450643782017e+01
2.449147012372632659e+01,-2.827465062065109080e+01
2.415908692953101777e+01,-2.834785265101756480e+01
2.381329489011793399e+01,-2.842073387743196733e+01
2.345646017317512744e+01,-2.848392833913970179e+01
2.309677736529030057e+01,-2.852902742147330883e+01
2.272420900034143187e+01,-2.855392477370218884e+01
2.236299870256096156e+01,-2.855815642250881226e+01
2.200341977362942103e+01,-2.854555960100745438e+01
2.166130566337957575e+01,-2.852054870174658063e+01
2.133191451003095551e+01,-2.848626425595752210e+01
2.100534580931554984e+01,-2.844330438767062930e+01
2.069760537679345092e+01,-2.839500284521641049e+01
2.039251497735122243e+01,-2.833969337185672543e+01
2.010357874713979243e+01,-2.828037893918443757e+01
1.982248633825986772e+01,-2.821595786650393478e+01
1.954009888511718884e+01,-2.814420376560232029e+01
1.925790585278940981e+01,-2.806495139623434909e+01
1.895593153756422566e+01,-2.797102751960050426e+01
1.865777043737186602e+01,-2.786800940562927664e+01
1.835496515142569507e+01,-2.775150468584724806e+01
1.804034490592119155e+01,-2.761567314989661526e+01
1.773756359216401179e+01,-2.746790053784187080e+01
1.743023809578874861e+01,-2.729780627150956818e+01
1.712111979694404340e+01,-2.710519633015328012e+01
1.683702214209466774e+01,-2.690855607135013017e+01
1.656080965506232872e+01,-2.669894145485012871e+01
1.629344168574861484e+01,-2.647853006580612956e+01
1.604932748810365339e+01,-2.626231795022195925e+01
1.580774530312202231e+01,-2.603469382553647549e+01
1.557673694096697403e+01,-2.580520059692620549e+01
1.535709292213295107e+01,-2.557775620545730888e+01
1.514458447061348245e+01,-2.535152431042459753e+01
1.493223227283276699e+01,-2.512345401025381619e+01
1.472771495623132409e+01,-2.490647440046759087e+01
1.451884489156267755e+01,-2.468956666412273293e+01
1.431489538344108148e+01,-2.448387135636592049e+01
1.410918902325074953e+01,-2.428364443464475997e+01
1.390275647440578055e+01,-2.409002689569104305e+01
1.369677182257953874e+01,-2.390285438313997801e+01
1.349299770267584542e+01,-2.372175661103889865e+01
1.329086235173612529e+01,-2.354455511021303593e+01
1.309614284596497491e+01,-2.337565757856415871e+01
1.290006519160362508e+01,-2.320727434004661660e+01
1.270564400326484211e+01,-2.304196206731452179e+01
1.251002025604432966e+01,-2.287729836657837268e+01
1.231489599241017885e+01,-2.271477264208251512e+01
1.211620854363525623e+01,-2.255112191251856757e+01
1.192071474692255606e+01,-2.239202614587305007e+01
1.171836533964574478e+01,-2.222951290506389199e+01
1.152148241259314787e+01,-2.207368821150532057e+01
1.131993666084176020e+01,-2.191676540422759700e+01
1.111476379348509447e+01,-2.175980422413355697e+01
1.090654174706630997e+01,-2.160293564336267380e+01
1.069582295960552010e+01,-2.144609630443087056e+01
1.048322082214107809e+01,-2.128916721663675560e+01
1.026941329549649495e+01,-2.113196955092545082e+01
1.005514661978499369e+01,-2.097426032692830589e+01
9.836334160945423122e+00,-2.081207195504640239e+01
9.619077110718404100e+00,-2.064877675006185953e+01
9.399818553751217109e+00,-2.048030415950598382e+01
9.188953741135261311e+00,-2.031322182137286347e+01
8.981136027334507332e+00,-2.014326095689329321e+01
8.777856691007412948e+00,-1.997323018798706684e+01
8.584350240802915977e+00,-1.980951724890007881e+01
8.393544284878615258e+00,-1.964798708532675775e+01
8.207385912158432717e+00,-1.949178530446239321e+01
8.028806918601908649e+00,-1.934437222767953912e+01
7.852601933260327627e+00,-1.920203729910678092e+01
7.678317455613450804e+00,-1.906478639487705351e+01
7.505908578077098880e+00,-1.893271634949544335e+01
7.319437387352708768e+00,-1.879418274881352602e+01
7.129385169291887259e+00,-1.865807494428921487e+01
6.924709183155732362e+00,-1.851779956125808013e+01
6.717237310337694112e+00,-1.838273236019541201e+01
6.494902639745680162e+00,-1.824634182911972502e+01
6.270542120456331858e+00,-1.811778173696599126e+01
6.031095391585127530e+00,-1.799090334286500692e+01
5.783177593379180692e+00,-1.787100110283438070e+01
5.534365073136647162e+00,-1.776257789296047562e+01
5.293122888216926114e+00,-1.766898310083503176e+01
5.060833334607723444e+00,-1.758968525598933041e+01
4.830737546310677644e+00,-1.752167759568919436e+01
4.603513019235783155e+00,-1.746477241334191532e+01
4.388437350373666668e+00,-1.741954670656809512e+01
4.186837354635152941e+00,-1.738394582434132829e+01
3.991227857849082294e+00,-1.735505710458349782e+01
3.793593110856120720e+00,-1.733099718600906058e+01
3.602958776705695865e+00,-1.731223933148297078e+01
3.402310900248306513e+00,-1.729680388855537032e+01
3.191819646266224275e+00,-1.728494408308782937e+01
2.980552764017347478e+00,-1.727710249223522609e+01
2.768883181963570195e+00,-1.727295573934743800e+01
2.548367883876517137e+00,-1.727221653340192375e+01
2.337034078877555210e+00,-1.727460931229864727e+01
2.117678192324977449e+00,-1.727998005397937931e+01
1.899537682741356370e+00,-1.728792716643935989e+01
1.683034063958972038e+00,-1.729808514330140312e+01
1.451534780940674452e+00,-1.731111751679895860e+01
1.206165117541576848e+00,-1.732699941214637107e+01
9.564261385224721579e-01,-1.734566024562979436e+01
7.030541641243690520e-01,-1.736874220302662408e+01
4.310141524524821466e-01,-1.740036656001369764e+01
1.654980618843888973e-01,-1.744062798904190714e+01
-1.155486815825976649e-01,-1.749671083072657396e+01
-3.950780598570101110e-01,-1.757038481250190998e+01
-6.647995340313020973e-01,-1.766325317883236323e+01
-9.107539249677008009e-01,-1.777159501500138816e+01
-1.134041871895395293e+00,-1.789439630308682183e+01
-1.323461062449794223e+00,-1.802097972107345925e+01
-1.487600816883029475e+00,-1.815076327339030371e+01
-1.622526350757305114e+00,-1.827398855164712188e+01
-1.719280572720813360e+00,-1.837290099473251459e+01
-1.791538261368965435e+00,-1.845293225422008021e+01
-1.840676585138356192e+00,-1.851047729652761120e+01
-1.889084937798538810e+00,-1.856971288649808827e+01
-1.952486560328913878e+00,-1.865123404283910347e+01
-2.024791975641124342e+00,-1.874986087464441198e+01
-2.105214013153614339e+00,-1.886697912795050769e+01
-2.197618015466954233e+00,-1.901177027752340720e+01
-2.286621540758194460e+00,-1.916230345625731601e+01
-2.389755793242900328e+00,-1.935151378118822407e+01
-2.508403386492644493e+00,-1.959100215848820170e+01
-2.634559052269516144e+00,-1.987511557505241910e+01
-2.746996010359948670e+00,-2.015884085915101309e+01
-2.840136478626659855e+00,-2.042051355062248064e+01
-2.916439877922086144e+00,-2.065716901897312141e+01
-2.978159986484969046e+00,-2.086686513400768561e+01
-3.019819114600890142e+00,-2.101976490717071400e+01
-3.049263137803792656e+00,-2.113445859938142490e+01
-3.074888316100117702e+00,-2.123949204333439411e+01
-3.101344397672923137e+00,-2.135384803243973550e+01
-3.132200445178033643e+00,-2.149627952810410036e+01
-3.165954480528974990e+00,-2.166612821252424936e+01
-3.200798945374327520e+00,-2.186232717055570873e+01
-3.236147505045592787e+00,-2.209285518571283191e+01
-3.268357151583944464e+00,-2.234702687919947905e+01
-3.296414233212495937e+00,-2.263217326546718411e+01
-3.317495569312573611e+00,-2.293735141262612487e+01
-3.329991675982831634e+00,-2.324372771728171116e+01
-3.334547614017635553e+00,-2.355042549459431811e+01
-3.332170375101217719e+00,-2.384857319654718566e+01
-3.324340931505203489e+00,-2.413791964295773340e+01
-3.312540255501214670e+00,-2.441821365364335250e+01
-3.298249319360873066e+00,-2.468920404842151228e+01
-3.282535456001713481e+00,-2.495757051008646599e+01
-3.267616865522612102e+00,-2.520901085627123095e+01
-3.253291400105708941e+00,-2.545128626709587039e+01
-3.239134888806714851e+00,-2.568536933620742957e+01
-3.224319464856108208e+00,-2.591827730228061100e+01
-3.209184617053565169e+00,-2.613875064030473538e+01
-3.192915523116281573e+00,-2.635398805203568173e+01
-3.175081661532222377e+00,-2.656496621042462181e+01
-3.155818391159102898e+00,-2.676708310936148294e+01
-3.134269678316459196e+00,-2.696699207112410690e+01
-3.110751784179212276e+00,-2.716008569653136462e+01
-3.085132758262362440e+00,-2.734726226740019683e+01
-3.053826059240430713e+00,-2.755143850487120005e+01
-3.015692275191887983e+00,-2.778006332143685952e+01
-2.972571747307134249e+00,-2.803093250050675778e+01
-2.926283806070628657e+00,-2.830861205654905532e+01
-2.881333377235937743e+00,-2.860636248780424751e+01
-2.840636637587217184e+00,-2.892919772485339891e+01
-2.808020475839714258e+00,-2.927532900078868394e+01
-2.786655507201503568e+00,-2.964107553388219429e+01
-2.778488642969214162e+00,-3.002865689436551833e+01
-2.784085019214566969e+00,-3.041120504724672458e+01
-2.801241078682276342e+00,-3.078819616532881653e+01
-2.828475654606400269e+00,-3.116096402031649859e+01
-2.864331804183897656e+00,-3.152366241867498431e+01
-2.908772489260239347e+00,-3.188198683638303521e+01
-2.959498445652887000e+00,-3.222222030495561995e+01
-3.018952976907432806e+00,-3.256216365721640926e+01
-3.087296234613262857e+00,-3.289926376254634022e+01
-3.164688370359764136e+00,-3.323096749032634989e+01
-3.248528410546207112e+00,-3.354505240199402749e+01
-3.341173842850513331e+00,-3.384933430383416919e+01
-3.446087723232223787e+00,-3.415040920266231694e+01
-3.560321641815631377e+00,-3.443750103919833805e+01
-3.686883532315187395e+00,-3.472026737042268252e+01
-3.817404656724129097e+00,-3.498390667762934214e+01
-3.954582641152574407e+00,-3.523870142105656100e+01
-4.097516455856980322e+00,-3.548643801083074578e+01
-4.240763991435048119e+00,-3.572161565932037064e+01
-4.383113009289670181e+00,-3.594625400623510103e+01
-4.532947003436295752e+00,-3.617643257523451439e+01
-4.680134206544857456e+00,-3.639928616717858034e+01
-4.823769578527201674e+00,-3.661623735349407838e+01
-4.967897006046142927e+00,-3.683581094009347368e+01
-5.111839532119301310e+00,-3.705934908334517530e+01
-5.250161137390831456e+00,-3.728041023667553588e+01
-5.386842689741357049e+00,-3.750648173849858580e+01
-5.520880898592824160e+00,-3.773673825773020951e+01
-5.646842000118650340e+00,-3.796222133099803386e+01
-5.772742487910643483e+00,-3.819820355110942245e+01
-5.893005831106048475e+00,-3.843582690558455539e+01
-6.006622492125487156e+00,-3.867423357339671952e+01
-6.116087975085535255e+00,-3.892077237908125653e+01
-6.219407587578603902e+00,-3.917443662727858111e+01
-6.305968464749064140e+00,-3.940981216097817708e+01
-6.374431562855430222e+00,-3.961853695748030901e+01
-6.425049010997430976e+00,-3.979297398794152230e+01
-6.459273871128091926e+00,-3.992614726823013882e+01
-6.479042092141777509e+00,-4.001147583739265912e+01
-6.487391959689014165e+00,-4.005002727557123876e+01
-6.501398782121448505e+00,-4.011903241550689359e+01
-6.528814552201270160e+00,-4.027797790598576455e+01
-6.554607109408321364e+00,-4.049951444704915815e+01
-6.565047898558981743e+00,-4.074948097073530562e+01
-6.555950113273698143e+00,-4.099069515863935464e+01
-6.528061880065066269e+00,-4.123013761303610636e+01
-6.484734467371680466e+00,-4.145496043170225420e+01
-6.423517596603905311e+00,-4.168458421088361376e+01
-6.350691491142885781e+00,-4.190055429104137374e+01
-6.266716039722577847e+00,-4.210966618315979559e+01
-6.170803711968847693e+00,-4.231794808551814668e+01
-6.067215891889512491e+00,-4.252002001421855937e+01
-5.955022504375377501e+00,-4.272164005878079251e+01
-5.839165345313470645e+00,-4.291783505040036317e+01
-5.720847517249343817e+00,-4.310950180429843925e+01
-5.593008483510885753e+00,-4.330796384753801931e+01
-5.464291232765060791e+00,-4.349986527797807412e+01
-5.330733411439043223e+00,-4.369183313400325375e+01
-5.191524001519928433e+00,-4.388549871886681331e+01
-5.049674561826561714e+00,-4.407738719516907366e+01
-4.904948085759971654e+00,-4.426870005951100495e+01
-4.757208654248008983e+00,-4.446041640531525729e+01
-4.601995802827520521e+00,-4.465892543742296539e+01
-4.447968851471141960e+00,-4.485379960675315658e+01
-4.291072389984806001e+00,-4.505080369766517379e+01
-4.132184449657827940e+00,-4.524894497963149576e+01
-3.972773836174310791e+00,-4.544613428337859773e+01
-3.808808081086690223e+00,-4.564704471768865091e+01
-3.641123857733297164e+00,-4.585025592257110105e+01
-3.476096384410413798e+00,-4.604776473706914430e+01
-3.303538156787393376e+00,-4.625135599087859362e+01
-3.135361456492848919e+00,-4.644657147577012068e+01
-2.966786027318348395e+00,-4.663870670058328471e+01
-2.798570158013371945e+00,-4.682647437319139527e+01
-2.631472137327397487e+00,-4.700858720146783298e+01
-2.466250254009904275e+00,-4.718375789328593584e+01
-2.298297436958617102e+00,-4.735610710989121941e+01
-2.139220238751891934e+00,-4.751319901427670800e+01
-1.978424300338155417e+00,-4.766475478922438214e+01
-1.814785461056625859e+00,-4.781007321407702904e+01
-1.656945331045879488e+00,-4.794053263064105863e+01
-1.493066288794547614e+00,-4.806503044115645906e+01
-1.337061458979388995e+00,-4.817279826156924827e+01
-1.177334310627556668e+00,-4.827232149167491571e+01
-1.023662778449433652e+00,-4.835813005935917630e+01
-8.701894067157519563e-01,-4.843471701347097991e+01
-7.165271200063729751e-01,-4.850303416144743096e+01
-5.687723720155373197e-01,-4.856159661997112664e+01
-4.080317248015353782e-01,-4.861823649911966072e+01
-2.256827081811909053e-01,-4.867467520049016372e+01
-2.591918801404236028e-02,-4.872832265014581310e+01
2.014334720463901718e-01,-4.878065702090719213e+01
4.349044356692419178e-01,-4.882638216071509163e+01
6.982119035303798738e-01,-4.886971516447940900e+01
9.651379471659174980e-01,-4.890587201134065509e+01
1.251997595811265684e+00,-4.893692285165055722e+01
1.558281338915003200e+00,-4.896188016350492944e+01
1.863284646578920345e+00,-4.897882501071505601e+01
2.144505696191618682e+00,-4.898771811525771369e+01
2.419751187542746429e+00,-4.899028005525974550e+01
2.666944279935024031e+00,-4.898741156245648654e+01
2.905391926063507935e+00,-4.897996152233204725e+01
3.123898991301453876e+00,-4.896901810222933449e+01
3.321841599182689286e+00,-4.895561706501195687e+01
3.530056301330093405e+00,-4.893782721585382234e+01
3.737719776932899585e+00,-4.891616709615617964e+01
3.954726354324817450e+00,-4.888915585563546529e+01
4.170210570699066643e+00,-4.885767257617617076e+01
4.394116009170298653e+00,-4.882004035412858656e+01
4.616283859229736386e+00,-4.877811318210773806e+01
4.836882095957823147e+00,-4.873237885490927113e+01
5.066011594029943055e+00,-4.868102448754273581e+01
5.303677532757253843e+00,-4.862417217845947448e+01
5.540102474251489717e+00,-4.856460974972456768e+01
5.775504495852249676e+00,-4.850297049165127561e+01
6.019862311942569377e+00,-4.843723727093711062e+01
6.263593306571882735e+00,-4.837065350593530866e+01
6.516673570224110534e+00,-4.830127357335395288e+01
6.769619732010358604e+00,-4.823255306973602075e+01
7.022709058085249367e+00,-4.816529716800870631e+01
7.285981348426116888e+00,-4.809786782892998502e+01
7.550017536601560941e+00,-4.803378791694636618e+01
7.815128127261131041e+00,-4.797395912861717449e+01
8.091524320292403871e+00,-4.791736862371848815e+01
8.369546749394135787e+00,-4.786703114749408172e+01
8.648709278306483839e+00,-4.782278313914229528e+01
8.938401965774636082e+00,-4.778302683299348530e+01
9.228003768035550891e+00,-4.774909119747877639e+01
9.516846222406714517e+00,-4.772061422793451868e+01
9.814138164223043859e+00,-4.769651422709243604e+01
1.010916210208841015e+01,-4.767746768207841512e+01
1.042052065903012092e+01,-4.766226985643464786e+01
1.072755862902113222e+01,-4.765187939143774543e+01
1.102937789466517948e+01,-4.764580991336109150e+01
1.134333814225362502e+01,-4.764355158803886781e+01
1.165818328094184153e+01,-4.764513326274082061e+01
1.198051989948613993e+01,-4.765041607297336412e+01
1.229951521731608111e+01,-4.765914366466699192e+01
1.262318258114470915e+01,-4.767201128312807867e+01
1.295131782813297860e+01,-4.768980794055988781e+01
1.327666770013823161e+01,-4.771282280200868087e+01
1.360046758586084614e+01,-4.774166046064446789e+01
1.392421224248441902e+01,-4.777697051874655187e+01
1.424263913406358206e+01,-4.781845544435832807e+01
1.455794438750876907e+01,-4.786640993023554103e+01
1.487931664812186838e+01,-4.792242372587418942e+01
1.519474355053308834e+01,-4.798429355244036287e+01
1.550342421344468491e+01,-4.805113525795118079e+01
1.581711316111383248e+01,-4.812518578034558914e+01
1.613325969129077819e+01,-4.820598039588104200e+01
1.645560631744839242e+01,-4.829484195835665616e+01
1.678017392925481843e+01,-4.839129265646708689e+01
1.711421019178650127e+01,-4.849863249173456836e+01
1.744386484550073746e+01,-4.861398134090750034e+01
1.777576390658081706e+01,-4.874219571936116324e+01
1.811072166811812068e+01,-4.888893480621376142e+01
1.843717301507649609e+01,-4.905376906005459858e+01
1.876118627277202577e+01,-4.923978339396096260e+01
1.906149988650778582e+01,-4.942883327428322104e+01
1.935267879878240294e+01,-4.962271426185893120e+01
1.963338197721625278e+01,-4.981567075761602581e+01
1.990226387650444906e+01,-5.000422542494315792e+01
2.016207157011591988e+01,-5.019000961275086325e+01
2.041307652153900065e+01,-5.037315846169290268e+01
2.065825072582176958e+01,-5.055581610239379131e+01
2.089462973588455341e+01,-5.073573279135978709e+01
2.111987187722530379e+01,-5.091094348111258938e+01
2.134797583741320892e+01,-5.109245254101081457e+01
2.156990780790669859e+01,-5.127333690726766235e+01
2.180046174727837283e+01,-5.146616257649816362e+01
2.202272743453672987e+01,-5.165729310707147448e+01
2.225152266516619548e+01,-5.186002636448242953e+01
2.247780777594502055e+01,-5.206725952767541088e+01
2.270051272629330796e+01,-5.227862948485375938e+01
2.292657647121679076e+01,-5.250130351569649889e+01
2.314833296649750594e+01,-5.272776820611507276e+01
2.335871725156733092e+01,-5.295001155895347722e+01
2.357235646992304723e+01,-5.318307544638827267e+01
2.377512067967854392e+01,-5.341114962712039471e+01
2.396749551855457838e+01,-5.363370004842437311e+01
2.416332842579161522e+01,-5.386636574900448693e+01
2.435579724930693857e+01,-5.410097458184840491e+01
2.453853984846621472e+01,-5.432908869220277381e+01
2.471834701445566651e+01,-5.455852870954001332e+01
2.489531730967125611e+01,-5.478905612953522564e+01
2.506954929650895991e+01,-5.502043244786351295e+01
2.523505758660660092e+01,-5.524412609890321590e+01
2.539819916469521033e+01,-5.546817427055487570e+01
2.556494300458869873e+01,-5.570071895515189908e+01
2.572338700035810177e+01,-5.592505517190738829e+01
2.587953286614095205e+01,-5.614939958535023834e+01
2.602772715787685343e+01,-5.636536270805719795e+01
2.617937321489683100e+01,-5.658947402624632872e+01
2.632873269108837988e+01,-5.681333965447078782e+01
2.647580948429237324e+01,-5.703687390598550877e+01
2.662060749234967361e+01,-5.725999109404543219e+01
2.676836561020893157e+01,-5.749083973871817932e+01
2.691368155720567756e+01,-5.772105213832369230e+01
2.705655968051274840e+01,-5.795053272839381719e+01
2.720197525520310222e+01,-5.818733562920614588e+01
2.734966332808176759e+01,-5.843125717291637500e+01
2.748978299714122286e+01,-5.866592667771982406e+01
2.763668837687556845e+01,-5.891548490239262037e+01
2.778055767619994398e+01,-5.916399316523282437e+01
2.792129823620823004e+01,-5.941192210762735471e+01
2.806319859683377871e+01,-5.966774143609850256e+01
2.820156399918217360e+01,-5.992396541999941206e+01
2.833629229259969051e+01,-6.018111314718733240e+01
2.847131336753140829e+01,-6.044781357247770615e+01
2.860224579786940069e+01,-6.071661770382400647e+01
2.872897755394925667e+01,-6.098809483017662814e+01
2.885503776666449482e+01,-6.127119569968297697e+01
2.897289625354282094e+01,-6.154985107208030115e+01
2.908621458233149326e+01,-6.183290455751534154e+01
2.919488079656051838e+01,-6.212091981307171551e+01
2.929571135647406521e+01,-6.240502542888809501e+01
2.939491604502394750e+01,-6.270221797705598021e+01
2.948639511960282178e+01,-6.299367271190510564e+01
2.957314139563066391e+01,-6.328754462375336232e+01
2.965755146683502730e+01,-6.359229321056807294e+01
2.973442223408403962e+01,-6.388863578494272843e+01
2.980846712528038367e+01,-6.419424662889144884e+01
2.987711110185744445e+01,-6.449900499169977763e+01
2.994208769908490808e+01,-6.481118881959581302e+01
3.000112993093294733e+01,-6.512059496715772866e+01
3.005560228066680750e+01,-6.543519744731503351e+01
3.010484022477005794e+01,-6.575357570473673263e+01
3.014710413103205511e+01,-6.606596114797429209e+01
3.018415391586325214e+01,-6.638970022870398680e+01
3.021412645369057159e+01,-6.671634357399922521e+01
3.023641992060483830e+01,-6.704631822136749975e+01
3.025042034637463928e+01,-6.738017300214799832e+01
3.025550887547125001e+01,-6.772660867767022808e+01
3.025058107849163491e+01,-6.807832056855946234e+01
3.023497465190847322e+01,-6.843635318420987801e+01
3.020872047673850957e+01,-6.879396337325199795e+01
3.016996057583277491e+01,-6.916836733601952858e+01
3.011912848199748183e+01,-6.954359011224967446e+01
3.005198832534881248e+01,-6.993334064439335407e+01
2.996714737314617238e+01,-7.032687807569260485e+01
2.985981198368463296e+01,-7.072875197612980003e+01
2.972594853814536719e+01,-7.113481350439482753e+01
2.955782546872861971e+01,-7.154719227829649242e+01
2.935246108886799021e+01,-7.195220089220377702e+01
2.910868786684451237e+01,-7.233684852983800795e+01
2.882548219488006325e+01,-7.269693488038697637e+01
2.850378140707241315e+01,-7.302911059810634242e+01
2.815665084172357524e+01,-7.332088176755678433e+01
2.778181674808435275e+01,-7.357612688576091386e+01
2.737518130541598183e+01,-7.379631948264781727e+01
2.695254955162544874e+01,-7.397257887115564756e+01
2.650996087058476647e+01,-7.410872911593351375e+01
2.605673520932424481e+01,-7.420858691993274192e+01
2.560307613467008281e+01,-7.427862449313367676e+01
2.516809671659589043e+01,-7.432519112503440795e+01
2.477209065407325994e+01,-7.435508536812811542e+01
2.439350226053103299e+01,-7.437610345673429890e+01
2.404289966264737544e+01,-7.439151540942367546e+01
2.372224831794230937e+01,-7.440399086042387466e+01
2.342422832440720981e+01,-7.441496870378419715e+01
2.314960402611198731e+01,-7.442390187812276281e+01
2.290806807646687915e+01,-7.443021875557255385e+01
2.267333782128186925e+01,-7.443450971061204768e+01
2.243643884135551403e+01,-7.443657741415012197e+01
2.216956335675985912e+01,-7.443569827116596116e+01
2.189981045162533491e+01,-7.443084470768562255e+01
2.160816499390116263e+01,-7.442054054844503241e+01
2.130342701370522107e+01,-7.440355141444186415e+01
2.098511252531783455e+01,-7.437837561393138230e+01
2.065270162612075566e+01,-7.434332442044484424e+01
2.030563657730375837e+01,-7.429650913984878002e+01
1.995345888847911553e+01,-7.423769581158965991e+01
1.961671840453857385e+01,-7.417072361911453982e+01
1.928627200266319619e+01,-7.409606674181334540e+01
1.897343065138714735e+01,-7.401846947469739746e+01
1.866860907132860703e+01,-7.393741353897284796e+01
1.837240480178641633e+01,-7.385436256706817915e+01
1.808533397896360029e+01,-7.377058336583944254e+01
1.781852655527595530e+01,-7.369041172959171604e+01
1.755100096699546697e+01,-7.360833014378562211e+01
1.729372176012357443e+01,-7.352826695590660222e+01
1.703621076068436935e+01,-7.344747883102353114e+01
1.677867861419046491e+01,-7.336647284138570058e+01
1.652133596615438549e+01,-7.328575605924238801e+01
1.626439346208870163e+01,-7.320583555684287091e+01
1.599739762540217392e+01,-7.312397846533502843e+01
1.574192614357324516e+01,-7.304725817768637341e+01
1.547688852747313781e+01,-7.296975635542435157e+01
1.522349801017938731e+01,-7.289767433291268617e+01
1.496057928867836395e+01,-7.282482957359731301e+01
1.468819309633959236e+01,-7.275130328298975257e+01
1.442722853648740333e+01,-7.268256311894407418e+01
1.416712825092135475e+01,-7.261555823102933971e+01
1.389747454816565408e+01,-7.254751818943734065e+01
1.362861970293773162e+01,-7.248095324229093706e+01
1.336049441170747798e+01,-7.241565856045959038e+01
1.309302937094461328e+01,-7.235142931481279049e+01
1.281590174992592424e+01,-7.228563782811113470e+01
1.254956797869491858e+01,-7.222294609914700914e+01
1.227346561016110194e+01,-7.215830933061889141e+01
1.199777055992299424e+01,-7.209392098671571603e+01
1.173259895886338455e+01,-7.203193806875273708e+01
1.145747838369843130e+01,-7.196737090219289712e+01
1.118263279128086296e+01,-7.190246587843434156e+01
1.091843052974929584e+01,-7.183969568665213501e+01
1.064478442809071446e+01,-7.177430725340293804e+01
1.037211018907927063e+01,-7.170878779325585128e+01
1.010065135360383337e+01,-7.164321509207304928e+01
9.830651462553523956e+00,-7.157766693571674921e+01
9.562354056817209624e+00,-7.151222111004905457e+01
9.296002677284004534e+00,-7.144695540093221098e+01
9.031840864842788363e+00,-7.138194759422835034e+01
8.760468406792906393e+00,-7.131488767317159727e+01
8.501520163400201113e+00,-7.125064583656723016e+01
8.236078372833336658e+00,-7.118454761916001416e+01
7.974058404268710376e+00,-7.111906757637213161e+01
7.706577644314951847e+00,-7.105199319033768290e+01
7.443345500260039493e+00,-7.098576897655615880e+01
7.184185877650734575e+00,-7.092041577946542930e+01
6.928385273455671900e+00,-7.085586949157283243e+01
6.666507155011961672e+00,-7.078987328422691405e+01
6.406604602344468269e+00,-7.072459064013358443e+01
6.147854342661386973e+00,-7.065994531133355849e+01
5.880815118382432871e+00,-7.059373368061494602e+01
5.621868972619592064e+00,-7.053014908601058153e+01
5.361577859039644345e+00,-7.046697052122333105e+01
5.099118504850980393e+00,-7.040412173829399478e+01
4.842572891303155380e+00,-7.034360971816181518e+01
4.573447660900995082e+00,-7.028118707397877074e+01
4.308919319512578561e+00,-7.022094444805631497e+01
4.048727039558583485e+00,-7.016280639283279186e+01
3.783257583750474939e+00,-7.010460599743889532e+01
3.512773755539141618e+00,-7.004603978026401023e+01
3.237943432652922393e+00,-6.998669931889830309e+01
2.969439610679314168e+00,-6.992836203850133359e+01
2.698119072483344816e+00,-6.986855755938539403e+01
2.414417445829396325e+00,-6.980459612647129575e+01
2.139219122749275392e+00,-6.974066816569590799e+01
1.852789835886277769e+00,-6.967164123191302849e+01
1.565965861342695220e+00,-6.959942910834021745e+01
1.279417808790287436e+00,-6.952362266481513586e+01
9.938162879008725081e-01,-6.944381277117560103e+01
7.098319083460935541e-01,-6.935959029725923131e+01
4.181254138671227638e-01,-6.926727165179170242e+01
1.197355984854817645e-01,-6.916584290087092768e+01
-1.646813831096318737e-01,-6.906160524634817932e+01
-4.541171253156126020e-01,-6.894728142837061569e+01
-7.476881592265355314e-01,-6.882273708648440902e+01
-1.035266132366348790e+00,-6.869227318134213078e+01
-1.325416548417685858e+00,-6.855202961855832200e+01
-1.617046587282701120e+00,-6.840216900332913497e+01
-1.900501397809717163e+00,-6.824771193563231009e+01
-2.191671495427176986e+00,-6.807968027355350671e+01
-2.464665905308759619e+00,-6.791310168070786801e+01
-2.742547436426094443e+00,-6.773401893220007253e+01
-3.008332230262832141e+00,-6.755307837140625793e+01
-3.268244949388908971e+00,-6.736616681777353222e+01
-3.520508793584823160e+00,-6.717426240444163454e+01
-3.763981388535726058e+00,-6.697784453816841221e+01
-4.004506000203578608e+00,-6.677128499368464531e+01
-4.230831403833406057e+00,-6.656385535845389256e+01
-4.449675839301238334e+00,-6.634961484731297787e+01
-4.661933873287679830e+00,-6.612753185798482036e+01
-4.864141582529749819e+00,-6.590174494195652244e+01
-5.058199143651227025e+00,-6.567131667239102910e+01
-5.246006733275971001e+00,-6.543530962245127114e+01
-5.425233250243183925e+00,-6.519850746415383469e+01
-5.597851493112421473e+00,-6.496058634206043791e+01
-5.769344832412846458e+00,-6.471626201762694564e+01
-5.932213032865315760e+00,-6.447883335687497208e+01
-6.095574032358268113e+00,-6.423740376372988692e+01
-6.255919682809562232e+00,-6.399915650607866979e+01
-6.413810409288802639e+00,-6.376510908710720571e+01
-6.574074188197741364e+00,-6.352977854362509902e+01
-6.732879894851171443e+00,-6.330029230625894598e+01
-6.895101787468990828e+00,-6.307099653501308012e+01
-7.061316691200064888e+00,-6.284258419034708965e+01
-7.227290583250442602e+00,-6.262202179402284230e+01
-7.397982287146278146e+00,-6.240356617977140274e+01
-7.567949897030623596e+00,-6.219384147341018831e+01
-7.746530174052232098e+00,-6.198095327782174735e+01
-7.922881826512324643e+00,-6.177749214517359633e+01
-8.101438023822646883e+00,-6.157774642952581701e+01
-8.281577381151599582e+00,-6.138213140513497734e+01
-8.462678513667606595e+00,-6.119106234625764529e+01
-8.649455341477672476e+00,-6.099956012573229458e+01
-8.835915035755581570e+00,-6.081376827871022783e+01
-9.026657392205557073e+00,-6.062910263249329290e+01
-9.220825484979357611e+00,-6.044662063414783404e+01
-9.417444688762341087e+00,-6.026746043004117581e+01
-9.621391905952897616e+00,-6.008700217696338797e+01
-9.823853091608274468e+00,-5.991149060827567752e+01
-1.003169389979655612e+01,-5.973288805825128378e+01
-1.023659069596627624e+01,-5.955616350687866145e+01
-1.044537906491988899e+01,-5.937329426352598460e+01
-1.064895175471164812e+01,-5.919053740296786970e+01
-1.085353529795619210e+01,-5.900108760175763223e+01
-1.105412642245704191e+01,-5.880878616392121927e+01
-1.125063823450278200e+01,-5.861356533232952870e+01
-1.144900153229045259e+01,-5.840938262969589800e+01
-1.163615226367259403e+01,-5.821014756798248868e+01
-1.183022841238748413e+01,-5.799744892357490045e+01
-1.201625559261924359e+01,-5.778884585968459930e+01
-1.220654711201436449e+01,-5.757156677333175310e+01
-1.239301886554426879e+01,-5.735551944407021097e+01
-1.257458164932852185e+01,-5.714272430944694037e+01
-1.275767170427044483e+01,-5.692616399667587501e+01
-1.294160675077069023e+01,-5.670701578547337363e+01
-1.311834603333722526e+01,-5.649529162483508316e+01
-1.329463163392148850e+01,-5.628330901973619405e+01
-1.346985991519995451e+01,-5.607210955192379487e+01
-1.365061425152348384e+01,-5.585406583733830388e+01
-1.382888405496049522e+01,-5.563917934933732568e+01
-1.400398704591163401e+01,-5.542862736763727582e+01
-1.417524094477754737e+01,-5.522358717195452016e+01
-1.435508508323803412e+01,-5.500969218113129955e+01
-1.453516607197261834e+01,-5.479756494901431552e+01
-1.470864514244772892e+01,-5.459537521464200438e+01
-1.488765609073015916e+01,-5.438890632741289721e+01
-1.507134496276458080e+01,-5.417921437070200597e+01
-1.525357421293868221e+01,-5.397317210554290057e+01
-1.543439314771400106e+01,-5.377039944680356598e+01
-1.561900128491245887e+01,-5.356470156020552054e+01
-1.580231329783928373e+01,-5.336124506524228650e+01
-1.598953529218735881e+01,-5.315357497813020160e+01
-1.617632277674463381e+01,-5.294566414993345660e+01
-1.636353970604459818e+01,-5.273556285741920391e+01
-1.654776294993130747e+01,-5.252610226208236099e+01
-1.673051409832329028e+01,-5.231502017449263064e+01
-1.691385697370444063e+01,-5.210046676091762663e+01
-1.709994083682834187e+01,-5.188065716151176332e+01
-1.728145325024633294e+01,-5.166506269023773257e+01
-1.746433163855908077e+01,-5.144740336617393694e+01
-1.764463051658364989e+01,-5.123298745149570976e+01
-1.782790114082694188e+01,-5.101569788855731247e+01
-1.800911823500057807e+01,-5.080184424505660701e+01
-1.819372874070601398e+01,-5.058524895708017510e+01
-1.837566456677382476e+01,-5.037318155457850111e+01
-1.856049855170434881e+01,-5.015922342356460462e+01
-1.874103519120867389e+01,-4.995170024345721060e+01
-1.892937282415111255e+01,-4.973668566917823597e+01
-1.911015370122582979e+01,-4.953165858553490608e+01
-1.929655639402997025e+01,-4.932161428316500462e+01
-1.948031601028924698e+01,-4.911587889778343197e+01
-1.966041750132535526e+01,-4.891551467570567979e+01
-1.984402737563351593e+01,-4.871255130720830095e+01
-2.003074635271485704e+01,-4.850751505385727569e+01
-2.021188818415645017e+01,-4.830993906505234747e+01
-2.039515989172266686e+01,-4.811140857823751560e+01
-2.058021204344581889e+01,-4.791238415338268908e+01
-2.076669520735820740e+01,-4.771332635045772008e+01
-2.095425995149213350e+01,-4.751469572943250341e+01
-2.114255684387991607e+01,-4.731695285027691966e+01
-2.133123645255385270e+01,-4.712055827296084942e+01
-2.151994934554624450e+01,-4.692597255745417328e+01
-2.171689640666479448e+01,-4.672497599739892848e+01
-2.190458840158593645e+01,-4.653551271962635383e+01
-2.209968579538415057e+01,-4.634052439921083533e+01
-2.229320276075501894e+01,-4.614851018214270084e+01
-2.250124533887217382e+01,-4.594293907394990839e+01
-2.269820405721833723e+01,-4.574843617631162829e+01
-2.290793965401819321e+01,-4.554060313761923595e+01
-2.311327910397110941e+01,-4.533548233601232624e+01
-2.332877428649415563e+01,-4.511728503574638438e+01
-2.353765224065604755e+01,-4.490153779512134236e+01
-2.374617411224642538e+01,-4.468028346990261923e+01
-2.395259647123886992e+01,-4.445333182364942815e+01
-2.416128775443139887e+01,-4.421292148150160273e+01
-2.436285710916513025e+01,-4.396624742986242040e+01
-2.455469675707690413e+01,-4.371280749441138624e+01
-2.473874927198953699e+01,-4.344453316682871957e+01
-2.491076975166281571e+01,-4.316078490756881791e+01
-2.506509116685427330e+01,-4.286879419761262255e+01
-2.520534273416550874e+01,-4.256090594684648920e+01
-2.532816946522514101e+01,-4.224444222920442371e+01
-2.543479199866790452e+01,-4.191923466863144654e+01
-2.552678474427769117e+01,-4.158510000916563598e+01
-2.560284656746039644e+01,-4.125712975812501071e+01
-2.566807454126984922e+01,-4.092765105437538864e+01
-2.572403313753717669e+01,-4.060428779775577368e+01
-2.577378668360854519e+01,-4.028705278895863984e+01
-2.582010765821378584e+01,-3.996763112814558383e+01
-2.586185230808900926e+01,-3.965255601789809958e+01
-2.589904332817716792e+01,-3.934077982403606910e+01
-2.593173192163221330e+01,-3.903144394844751019e+01
-2.595927962932115562e+01,-3.873227154704596842e+01
-2.598331996802609112e+01,-3.842614245694942099e+01
-2.600316265329675147e+01,-3.812091052275772540e+01
-2.601853711212668330e+01,-3.782542933543316366e+01
-2.603022414651139727e+01,-3.753104022059861222e+01
-2.603840317290146800e+01,-3.723780825137467332e+01
-2.604326644584014616e+01,-3.694589974784610575e+01
-2.604507363824057009e+01,-3.666598411602687690e+01
-2.604445125432151897e+01,-3.637951864831829596e+01
-2.604178767380486548e+01,-3.609786809687172138e+01
-2.603732860186794440e+01,-3.581166353775483913e+01
-2.603155016931289367e+01,-3.553245903562143582e+01
-2.602422851488283584e+01,-3.523950841755791430e+01
-2.601611578951800396e+01,-3.495520694794484484e+01
-2.600716671071961628e+01,-3.466942823109016558e+01
-2.599796231584358708e+01,-3.439387485814446421e+01
-2.598796303114084694e+01,-3.410715460690414602e+01
-2.597772930169468353e+01,-3.382095160706131054e+01
-2.596746436940046010e+01,-3.353593932568884384e+01
-2.595737147615356122e+01,-3.325279122985984515e+01
-2.594729036196526550e+01,-3.296144789397273911e+01
-2.593784155804177161e+01,-3.267359537056210428e+01
-2.592919954224261758e+01,-3.238987957494045133e+01
-2.592089591876182197e+01,-3.209994078562353081e+01
-2.591290568179935860e+01,-3.181395706444271099e+01
-2.590457448519040540e+01,-3.152148779922203659e+01
-2.589578935835967854e+01,-3.123235776653229578e+01
-2.588614831998517118e+01,-3.094610734934092378e+01
-2.587484626565413492e+01,-3.065252727831967405e+01
-2.586222305348254125e+01,-3.037071664269945970e+01
-2.584697538024015984e+01,-3.008074544394398941e+01
-2.582906135299842987e+01,-2.979185451234398840e+01
-2.580803595573807385e+01,-2.950353502589461385e+01
-2.578345417243981430e+01,-2.921527816259103361e+01
-2.575487098708437017e+01,-2.892657510042822722e+01
-2.572184138369475193e+01,-2.863691701743369222e+01
-2.568408084113044509e+01,-2.834591758946763917e+01
-2.564340477365148274e+01,-2.806343049291532310e+01
-2.559908167765896181e+01,-2.777996968773269515e+01
-2.555156279826431742e+01,-2.749572678275469428e+01
-2.550129938057895984e+01,-2.721089338681620262e+01
-2.545058822466404180e+01,-2.693550125488554414e+01
-2.539624547282126343e+01,-2.665006566120256792e+01
-2.534243723110534319e+01,-2.637444945149001896e+01
-2.528575842140363150e+01,-2.608915189443196070e+01
-2.523053625720940474e+01,-2.581402631598389874e+01
-2.517523602101722346e+01,-2.553940352339713016e+01
-2.511831174259744159e+01,-2.525568679178303810e+01
-2.506410756432043740e+01,-2.498262042465271193e+01
-2.500919012689064047e+01,-2.470088582230325258e+01
-2.495767761306997556e+01,-2.443005939303996144e+01
-2.490576412663723360e+01,-2.415078129395799778e+01
-2.485503204240289676e+01,-2.387267509780701857e+01
-2.480519542558902302e+01,-2.359566975492623442e+01
-2.475596834141770231e+01,-2.331969421565501932e+01
-2.470706485511097839e+01,-2.304467743033257676e+01
-2.465819903189093054e+01,-2.277054834929817773e+01
-2.460908493697962030e+01,-2.249723592289102925e+01
-2.455771163859084183e+01,-2.221528268469209877e+01
-2.450720981532369436e+01,-2.194341241184986302e+01
-2.445378877119512495e+01,-2.166279894471185585e+01
-2.440071570118688626e+01,-2.139207674235597167e+01
-2.434594496595786239e+01,-2.112181104634710493e+01
-2.428719475758156321e+01,-2.084263061488004709e+01
-2.422816109834427323e+01,-2.057312510649867576e+01
-2.416695830145963697e+01,-2.030413380179317073e+01
-2.410145757957092982e+01,-2.002660798850987334e+01
-2.403611761643531963e+01,-1.975924267014293179e+01
-2.396887974615795258e+01,-1.949296157534819685e+01
-2.389742126582191872e+01,-1.921883927006803461e+01
-2.382659804308083906e+01,-1.895534385726305615e+01
-2.375162193919368292e+01,-1.868450545915539607e+01
-2.367500399164191549e+01,-1.841564531501912327e+01
-2.359684315220980722e+01,-1.814897138260467102e+01
-2.351723837268166761e+01,-1.788469161966267507e+01
-2.343628860484174581e+01,-1.762301398394355800e+01
-2.335133263585909091e+01,-1.735556833820505673e+01
-2.326515585720644452e+01,-1.709133000480215259e+01
-2.317788179216555733e+01,-1.682987757855713795e+01
-2.308964924930607410e+01,-1.657009602640527035e+01
-2.300059782655412732e+01,-1.631083449524154361e+01
-2.291086712183583884e+01,-1.605094213196089825e+01
-2.282059673307730918e+01,-1.578926808345826416e+01
-2.272992625820465662e+01,-1.552466149662858186e+01
-2.264193118870720056e+01,-1.526471445604338761e+01
-2.255675632438203948e+01,-1.500881676035187517e+01
-2.247158600914708870e+01,-1.474742873945324817e+01
-2.238946411269384384e+01,-1.448896077111181135e+01
-2.230755586092761433e+01,-1.422364825474738481e+01
-2.222887149984953226e+01,-1.396053536920527094e+01
-2.215346562732447566e+01,-1.369969718927828950e+01
-2.208134932919205085e+01,-1.344144867674775234e+01
-2.200942000793747866e+01,-1.317645455823320155e+01
-2.193734707161317488e+01,-1.290585704219421004e+01
-2.186771370829089278e+01,-1.264187788095062359e+01
-2.179734818769004079e+01,-1.237480926096011835e+01
-2.172595672942028955e+01,-1.210566732871007822e+01
-2.165018294218657147e+01,-1.182420200043949876e+01
-2.156950221321497452e+01,-1.153149582340672374e+01
-2.148653998261350395e+01,-1.124008313659444980e+01
-2.139421611040706495e+01,-1.092918253553830610e+01
-2.129485118819572165e+01,-1.061206070129754231e+01
-2.118750571594159382e+01,-1.029111809711536907e+01
-2.106725961682870008e+01,-9.958965795635068119e+00
-2.092814532184971199e+01,-9.610500851537397082e+00
-2.078021072373292100e+01,-9.280587830506531688e+00
-2.062277968417789609e+01,-8.971296557471120536e+00
-2.045108594014800119e+01,-8.672928079481684094e+00
-2.027498355460065937e+01,-8.399538879812585179e+00
-2.009014360089303963e+01,-8.140121800190659229e+00
-1.990813988900639231e+01,-7.906115074124613784e+00
-1.971890086964728184e+01,-7.680279388435343080e+00
-1.952268482231642110e+01,-7.460552296893602886e+00
-1.931975002651437734e+01,-7.244871353269995318e+00
-1.911679250095381377e+01,-7.037640535447866164e+00
-1.890799562139112311e+01,-6.830394441153769591e+00
-1.870037739903425233e+01,-6.627835558427261020e+00
-1.848771420282171363e+01,-6.421787739594569722e+00
-1.828446372708511447e+01,-6.224638629042708260e+00
-1.807052470541879075e+01,-6.016726620397701453e+00
-1.786098008092276856e+01,-5.813014004263134638e+00
-1.765686486716507630e+01,-5.614794986822577272e+00
-1.744437410670858668e+01,-5.408951745232708497e+00
-1.723890162410695837e+01,-5.210673474421801288e+00
-1.702654551414848427e+01,-5.006838119162938305e+00
-1.681544034847654245e+01,-4.805612723984925339e+00
-1.659922091216684947e+01,-4.601335284666352443e+00
-1.638607641421951300e+01,-4.402183241499035837e+00
-1.616999526157570699e+01,-4.203037042283371605e+00
-1.594571057504415279e+01,-3.999916794676699361e+00
-1.572203408752622522e+01,-3.801847246453346596e+00
-1.549476737748176269e+01,-3.606360063743874633e+00
-1.526017621103292576e+01,-3.411436544677231897e+00
-1.502024112239069531e+01,-3.219186048032162795e+00
-1.478197294786134464e+01,-3.035006860699887010e+00
-1.453104913500670392e+01,-2.847489487576765121e+00
-1.428441453986072851e+01,-2.668240841521386741e+00
-1.403306894058510856e+01,-2.488502520133744067e+00
-1.377789616370923298e+01,-2.305657425524892279e+00
-1.352698139723002058e+01,-2.120902671270352702e+00
-1.327508189463536503e+01,-1.929427666816825315e+00
-1.302070545903089993e+01,-1.739391882570071157e+00
-1.275940130721303589e+01,-1.556724123908522106e+00
-1.249301076486475814e+01,-1.387687615041480083e+00
-1.221458377596432499e+01,-1.229368596373964673e+00
-1.193144610188616639e+01,-1.085227264728980678e+00
-1.164178145688307531e+01,-9.524051179327707173e-01
-1.134271673833004890e+01,-8.279408589777568217e-01
-1.104978766972890547e+01,-7.155657286377994364e-01
-1.076326187778027865e+01,-6.124685501431125223e-01
-1.046956503850687525e+01,-5.122861602209636267e-01
-1.018191647611277872e+01,-4.185576358562216881e-01
-9.903960031063364866e+00,-3.314435180041682139e-01
-9.616325623201795736e+00,-2.443564410027017353e-01
-9.342879865020986330e+00,-1.640805249697112889e-01
-9.062424743623294532e+00,-8.399467884319594679e-02
-8.787627293792434457e+00,-7.498286328733477779e-03
-8.519746023265996726e+00,6.537486342771338388e-02
-8.247409285215139718e+00,1.378946174102666788e-01
-7.983715355797565749e+00,2.067316184279395785e-01
-7.716776248987073927e+00,2.751366421268935381e-01
-7.459895396089974540e+00,3.398335300283297222e-01
-7.213779316831702815e+00,4.008452708742191728e-01
-6.952849715792935648e+00,4.645492028382575134e-01
-6.703473627154697745e+00,5.245128337216016234e-01
-6.452863883418021196e+00,5.838469130856009937e-01
-6.201234026887629369e+00,6.424620374006217993e-01
-5.935493176767633550e+00,7.032871778041858146e-01
-5.655775956141835259e+00,7.660754934681491823e-01
-5.375636342205715401e+00,8.276406364029252893e-01
-5.082017857769995040e+00,8.906939971448630811e-01
-4.775255573951125321e+00,9.548857656686865480e-01
-4.455780349407294061e+00,1.019816504764628151e+00
-4.137367370192874816e+00,1.082473922820117229e+00
-3.820447021031512236e+00,1.142677831120552767e+00
-3.479300202565603239e+00,1.204921027937938316e+00
-3.128007692863449929e+00,1.266041057304926554e+00
-2.741974574872735548e+00,1.329441002727670629e+00
-2.310959347915331641e+00,1.395123535644228419e+00